teks,topik_tag
1 akhir kang jono memang nikmat hasil apa apa nama malu 2 bahkan lebih 3 tengah malam gelisah genting rumah lempar kali kali 4 kang jono naik pitam 5 keluar rumah hendak lari kejar laku laku 6 sia si 7 akhir masuk engah engah kursi latar waktu suasana kutip cerpen sebut malam hari dan sedih tengah malam dan takut sore hari dan tegang malam hari dan tegang,['cerpen']
1 astaga dewo seru ibu heran mas dewo tertawa apa apa kamu dandan wulan longo 2 gimana oke kan samar akting tadi ibu suruh jemput kamu kan besar wul jadi aku cukup awas pikir asyik kalau aku samar sekali latih akting mas dewo kaka sepupu wulan kuliah institut seni jurus teater 3 mas dewo jahat lihat nih wulan tunjuk lutut luka 4 maaf sebernarnya aku tadi mau tolong kamu malah lari kalimat tunjuk suasana kesal tokoh kutip cerpen sebut tanda dengannomor 1 2 3 4,['cerpen']
1 dengar angin usir batang batang padi 2 matahari tenggelam 3 dengar senandung balik jendela 4 ada sepi 5 rumah kecil buka pintu pagar dasar puisi sebut larik majas sama tanda nomor 1 dan 2 1 dan 3 1 dan 4 1 dan 5,"['larik', 'majas', 'penggalan_puisi', 'puisi']"
1 dengar anin usir batang batang padi 2 matahari benam 3 dengar senandung balik jendela 4 ada sepi 5 rumah kecil buka pintu pagar dasar puisi sebut larik majas sama tanda nomor 1 dan 2 1 dan 3 1 dan 4 1 dan 5,"['majas', 'puisi']"
1 gubernur dki jakarta sutiyoso target tumbuh ekonomi 2007 besar 6 6 2 optimis target capai pemabangunan skala besar dijakarta 3 kondisi ekonomi sisi makro baik 4 inflasi 2006 capai 9 9 2005 mecapai 16 6 tumbuh ekonomi 2006 besar 5 8 5 jadi 2007 tumbuh ekinomi capai target 6 6 kata sutiyoso wartawan kritik target sutiyoso baca sebut kita dukung target sutiyoso pada bidang ekonomi seluruh warrga dki dukung bijak sutiyoso untuk capai target harus serta usaha yang maksimal perintah tanggung jawab dalam capai target didik,['teks_diskusi']
1 jalan tol macet guna rasa rugi 2 blokir jadi sejak kamis malam akhir jumat siang pekan lalu 3 unjuk rasa bongkar sendiri tenda tutup jalan denga tetap tuntun janji bayar ganti rugi cepat 4 besar tuntut rp 3 miliar harga 1 727 meter persegi kalimat isi dapat teks sebut dapat kalimat nomor 1 2 3 4,"['kalimat', 'kalimat_efektif', 'perbaikan_kalimat', 'teks_berita', 'ulasan', 'ulasan_kalimat']"
1 kasih 2 jenak aku sandar bahu 3 nikmat cantik rembulan malam 4 pandang cahaya kerlip bintang larik majas puisi sebut tanda nomor 1 2 3 4,"['larik', 'majas', 'penggalan_puisi', 'puisi']"
1 selamat pag bu bagaimana ada ibu 2 bu ririn ibu buka cabang usaha baru kota 3 selamat bu atas buka cabang usaha ibu 4 buka cabang baru sebut ibu usaha cara legal antara kalimat kalimat wawancara atas sesuai santun bahasa kalimat nomor 1 2 3 4,['kalimat']
1 tahu makan gizi 2 lama tinggal kaki gunung 3 kaki sinta kilir olah raga 4 yudi bawa apel rumah aku pasang kalimat guna kata polisemi tanda nomor 1 dan 2 2 dan 3 3 dan 4 1 dan 4,['teks_diskusi']
1 tempat ilalang bunga putih alun alun sama ayun rumput hembus udara 2 buah lengkung batas bumi langit 3 garis antar metahari tuju istirahat 4 langit kuning muda sisik putih antara jalin warna emas bukti kutip sebut jadi sore hari dapat kalimat nomor 1 2 3 4,['teks_berita']
1 tiba stasiun tugu kereta api siap berangkat 2 tugas jaga pintu peron sangat sopan 3 orang tugas seragam menbantu bawa barang barang kata aku cepat naik 4 senang hati laku kemudian aku cepat cepat cari nomor tempat duduk tera karcis kalimat padu paragraf sebut tanda nomor 1 2 3 4,['kalimat']
abad abad lalu hidup binatang sangat bebas binatang hidup hokum rimba rasa takut liar mana darat laut udara hidup aman paham daging cilia kulit bahkan seluruh bagi tubuh ambil makan pakai aneka hias rupa damba indah imbang alam manusia rasa lindung rasa punah baik kalimat atas teks sebut jadi paragraph padu mereka ada di alam semesta dengan riang gembira mereka bisa terbang ke alam bebas tanpa ada rasa khawatir mereka di mana saja di laut atau di darat tanpa aman mereka rasa aman dari hukum rimba yang laku,['paragraf']
ambil puan merinda pandan jawa roboh tuan bawa adinda badan nyawa kata tepat lengkap teks puisi sebut irama sama larik dua serah tanya punya ragu,"['larik', 'majas', 'penggalan_puisi', 'puisi']"
angkat 45 sebut istilah angkat pujangga angkat balai pustaka angkat chairil anwar angkat pelopor,['teks_diskusi']
baca beri tanda jeda kalimat ikut paling tepat empat rakyat yang pimpin oleh hikmat bijaksana dalam musyawarat wakil empat rakyat yang pimpin oleh hikmat kebijaksaaan dalam musyawarat wakil empat rakyat yang pimpin oleh hikmat kebijaksaaan dalam musyawarat wakil empat rakyat yang pimpin oleh hikmat kebijaksaaan dalam musyawarat wakil,['teks_diskusi']
baca ilustrasi ikut ketua osis smp bintang jaya jogja dapat gilir pertama beri sambut atas nama ketua selenggara acara buka lomba dongeng rangka ingat bulan bahasa buka pidato sesuai ilustrasi sebut lalu lomba dongeng harap generasi muda lebih kenal dan cinta dongeng yang asal dari negeri sendiri dongeng memang sudah tidak nang lagi di kalang anak anak puji sukur mari kita sampai kepada tuhan karena berkat rahmat dan hidayah nya kita dapat kumpul pada acara buka lomba dongeng dalam rangka ingat bulan bahasa demikian yang dapat saya sampai mohon maaf bila ada khilaf kata moga lomba dongeng ini jalan lancar tuju laksana lomba dongeng ini untuk ingat bulan bahasa dengan harap kita generasi muda makin kenal yang asal dari negara sendiri,['ulasan']
baca ilustrasi ikut seksama orang nama amar rasa segala doa tuhan tak pernah kabul duga dosa banyak jadi sebab dosa akibat salah jalan perintah tuhan puisi sesuai ilustrasi sebut marah kau pada hasrat kau abai salah aku doa alun ke arsy mu kurang sujud terima nasib jika kau abai diri kau memang bekuasa atas diri yang hina segala doa sudah lantun segala pinta tiada beri segala kuta tiada sahut besar benar salah arah hampir tahan tumpah berkah hampir tutup pintu restu nanar mata ini tatap bayang baying dosa tak hapus dosa ini dengan segala doa sengaja kau laku ini,['puisi']
baca kalimat ikut kalian kait orang sangkut bila tahu debat lebih jelas guna kata tepat ganti kata gar bawah kalimat sebut sambung bincang hubung soal tali bahas hampir selisih,"['kalimat', 'perbaikan_kalimat']"
baca kalimat ikut semua serta lomba segera masuk ruang seleksi laksana lomba segera mulai baik kalimat sebut efektif kalimat hilang semua lomba masuk segera ke akan semua agar akan serta lomba agar,"['kalimat', 'kalimat_efektif', 'perbaikan_kalimat', 'ulasan', 'ulasan_kalimat']"
baca kalimat ikut semua serta lomba segera masuk ruang seleksi laksana lomba segera mulai baik kalimat sebut efektif kata hilang semua lomba masuk segera ke akan semua agar akan serta lomba agar,['kalimat_efektif']
baca kalimat kalimat ikut mulai setrika bagi paling sulit misal lengan kerah saku basah lebih sedikit air pakai jadi lembab mudah setrika siap semua pakai setrika lanjut setrika bagi lebih mudah gantung lipat pakai rapi jadi tunjuk pakai runtut susun kalimat tepat siap semua pakai yang akan setrika basah lebih dahulu dengan sedikit air agar pakai jadi lembab sehingga mudah setrika mulai setrika dari bagi yang paling sulit misal lengan kerah atau saku lanjut setrika pada bagi yang lebih mudah,"['kalimat', 'kalimat_efektif', 'perbaikan_kalimat', 'ulasan_kalimat']"
baca kutip cerita ikut aku herean kau diam her padahal jelas jelas jono fitnah geram dorman lihat sikap herman tetap tenang hadap jono jelas tuduh gelap uang koperasi biar saja dulu biar jono puas lampias asa hati jawab herman coba beri alas dorman ah dasar jono tahu diri kerja cari cari salah orang pilih jadi ketua koperasi tanda jangan kau lanjut jelas uang jono herman coba batas bicara dorman konflik jadi kutip cerita marah jono kepada dorman masalah uang sabar herman hadap laku dorman ketidaksengajaan jono hadap urus koperasi angkuh herman buat jono fitnah,"['cerpen', 'kalimat', 'kalimat_efektif', 'perbaikan_kalimat', 'ulasan', 'ulasan_kalimat']"
baca kutip cerita ikut aku herean kau diam her padahal jelas jelas jono fitnah geram dorman lihat sikap herman tetap tenang hadap jono jelas tuduh gelap uang koperasi biar saja dulu biar jono puas lampias asa hati jawab herman coba beri alas dorman ah dasar jono tahu diri kerja cari cari salah orang pilih jadi ketua koperasi tanda jangan kau lanjut jelas uang jono herman coba batas bicara dorman watak tokoh herman marah sabar bohong fitnah,"['cerpen', 'kalimat', 'kalimat_efektif', 'perbaikan_kalimat', 'ulasan', 'ulasan_kalimat']"
baca kutip cerita ikut suminah ingat suara anak titin ibu memang egois apa besar salah bu ibu memafkan lanjut titin titin benar suminah orang anak darah daging snediri tega sakit orang tua sendiri ibu hilang orang sekaligus ibu benci kang sapar titin terus rajuk akhir hari suminah luluh atas rajuk titin konflik dapat kutip cerita sebut suminah sangat kenal hadap buat kang sapar suminah hasil rang nafsu atas rajuk titin suminah ragu akan maaf atau tidak buat buruk anak suminah akan maaf perbuatann buruk kkang sapar jika pulang,['cerpen']
baca kutip cerita ikut tatkala matahari condong barat said minta diri sahabaynya pulang lupa said undang makan rumah besok siang beri carik kertas besok siang beri carik kertas teman pergi ibu kota ikan kertas tentara kau temu sana antar rumah latar waktu tempat kutip cerita sebut siang hari di rumah sahabat siang hari di istana said sore hari di rumah sahabat malam hari di istana said,['cerpen']
baca kutip cerpen bawah duduk bawah tugu orang kota sejati aku kan sapu tangan tumput biar pantolan tropikal pakai kotor kemudian aku pandang makan nyala sigaret tempat rindang matahari panas terik hujan pagi nugroho notosusanto latar waktu kutip cerpen sebut pagi hari siang hari sore hari malam hari,['cerpen']
baca kutip cerpen ikut 1 pagi dian duduk kursi roda hadap buah meja 2 atas meja mesin tik 3 tak pernah kecil hati meski karya sering kembali media massa 4 milik semangat besar meski dua kaki patah akibat celaka sepeda motor bukti watak tokoh ana gigih dapat kalimat nomor 1 2 3 4,['cerpen']
baca kutip cerpen ikut cuaca jakarta asai mendung uang setia iring hjan matahari lebih tengah hari delta diri depan jendela kamar buka tatap langit tekah susur airya bumi beri wajah kena tempias hujan kuat ibu hadap hidup ayas nama cinta anak anak tinggal buat delta yakin ibu sumber cinta teladan hidup latar kutip verpen sebut pagi hari di jendela siang hari ke kamar sore hari di jendela siang hari di rumah,['cerpen']
baca kutip cerpen ikut saksama 1 tanam dulu biji sini kata sali kais tanah bawah ujung jari kaki pupuk siram kali hari pagi sore 2 kuncup mulai nyemi hampir aku jingkrak jingkrak tari lantar besar hati 3 usap batang pepaya 4 tiba tiba mata kaca kaca suara jadi keruh aku bapak asuh sejak bayi hingga besar sekat saat lalu tambah sekarang begini ada tebang bacok gorok roboh tak semena mena bukti sali sayang pepaya tunjuk kalimat nomor 1 2 3 4,['cerpen']
baca kutip cerpen ikut saksama kemudian kerja 1 cuaca cerah 2 angin pantai embus sepoi sepoi 3 sebentar matahari tenggelam adu 4 tiba tiba aku sentuh ujung jari 5 kesiap tatap mata akan kata tulus cinta pada hati makin debar latar waktu senja cerpen sebut tunjuk nomor 1 2 3 4,['cerpen']
baca kutip cerpen ikut saksama kemudian kerja 1 cuaca cerah 2 angin pantai embus sepoi sepoi 3 sebentar matahari tenggelam adu 4 tiba tiba aku sentuh ujung jari 5 kesiap tatap mata akan kata tulus cinta pada hati makin debar sudut pandang arang cerpen sebut orang pertama laku utama orang pertama laku samping orang tiga serbatahu orang tiga batas,['cerpen']
baca kutip cerpen ikut saksama kemudian kerja soal ikut 1 hidup sedikit senang 2 sekarang panen ikan baru minggu habis hasil selalu banyak 3 dulu pukat harimau panen ikan nikmat kira kira tiga bulan 4 waktu hasil tangkap beli apa apa 5 sekarang kau lihat sendiri 6 makin melarat sumber ceritaindonesia angelfire com bukti latar suasana cerpen sebut sedih tunjuk kalimat nomor 1 2 4 6,['cerpen']
baca kutip cerpen ikut saksama kemudian kerja soal ikut 1 hidup sedikit senang 2 sekarang panen ikan baru minggu habis hasil selalu banyak 3 dulu pukat harimau panen ikan nikmat kira kira tiga bulan 4 waktu hasil tangkap beli apa apa 5 sekarang kau lihat sendiri 6 makin melarat sumber ceritaindonesia angelfire com sudut pandang arang kutip cerpen sebut orang pertama laku utama orang pertama laku samping orang tiga serba tahu orang tiga batas,['cerpen']
baca kutip cerpen ikut suatu lumpan rasa simpati muncul tiba tiba buat air mata linang dua belah mata lucy kasihan ibu sayang pikir betapa sering lapar asal anak sangat sayang penuh perhati aku penting diri sendiri demikian kemudian dekat ibu letak kepala pangku ibu amanat kutip cerita sebut orang ibu harus tahan lapar demi anak orang ibu harus selalu peluk anak orang anak harus sayang kepada ibu orang anak harus selalu peluk ibu,['cerpen']
baca kutip cerpen ikut suatu lumpan rasa simpati muncul tiba tiba buat air mata linang dua belah mata lucy kasihan ibu sayang pikir betapa sering lapar asal anak sangat sayang penuh perhati aku penting diri sendiri demikian kemudian dekat ibu letak kepala pangku ibu cara arang gambar watak tokoh ibu kutip cerpen sebut dialog antartokoh cerita arang cerita tokoh lain tindak tokoh,['cerpen']
baca kutip drama ikut dini rendy sih kamu selalu usil kamu selalu ejek aku memang kamu suka kalau ejek cemberut rendy tertawa tawa aduh maaf deh kamu marah din dini iya dong habis kamu nakal kamu memang sengaja ejek aku rendy kalimat tepat lengkap kutip drama sebut memang aku sengaja biar anak anak kelas tertawa aku wah jangan marah dong din aku kan cuma canda wah kamu kalau cemberut memang cantik lho jangan marah ya din aku suka lihat cemberut,['ulasan']
baca kutip drama ikut saksama setyani tiap hari uang saku lima ribu rupiah tabung ribu rupiah bapak bapak tuju jangan ribu sekolah rapat kamu pulang pagi besok tabung ribu rupiah waktu olahraga tabung rang jadi ribu jadi kamu ajar sesuai ada setyani pak bapak bapak dulu lalu masuk setyani bawa piring kotor lalu pergi latar tempat kutip drama sebut di sekolah di rumah di toko di warung,['teks_diskusi']
baca kutip puisi ikut perlahan lahan tumbang deru gergaji tangan tangan keji larik majas tepat lengkap puisi sebut daun pun kuning pohon itu gersang pohon itu radang ranting ering,"['larik', 'majas', 'penggalan_puisi', 'puisi']"
baca kutip puisi ikut saksama surat ibu pergi laut lepas anak sayang pergi alam bebas lama hari petang warna senja merah merah tutup pintu waktu lampau citra larik kutip puisi sebut dengar lihat gerak aba,['puisi']
baca kutip puisi ikut sayap sayap burung kecil sepi henti buah taman kota daun jatuh atas bangku bagai mimpi larik majas lengkap kutip puisi sebut makna padu gurau sepi ada sunyi sepi suasana sunyi dapat jatuh bulu warna warni,"['larik', 'majas', 'penggalan_puisi', 'puisi']"
baca kutip puisi ikut tudung langit selalu biru tempat cahaya selalu benderang tempat udara selalu bersih tempat angin selalu nikmat larik majas lengkap bagi rumpang puisi sebut tempat tari si burung camar di tempat sepi di mana hanya di sana ingin kubur di pundak wahai ibu,"['larik', 'majas', 'penggalan_puisi', 'puisi']"
baca kutip surat baca ikut rasa ganggu rusak kotor taman jakur hijau depan sekolah hari tugas keberishan dinas bersih camat sapu sampah sampah sapu angkut hanya sampah sampah ada pinggir jalan sampah tumpuk taman pernah peduli tugas sekolah upaya memberisihkannya sampah lama tumpuk kalimat tepat lengkap kutip surat baca sebut kami siap kok bantu rawat asal ada jalin kerja sama yang jelas apakah tidak ada tugas yang tangan lagi jalur hijau dan taman sebut terus terang kami rasa ganggu terima kasih lalu surat baca ini kami mohon kepada dinas taman dan dinas bersih tiap hari taman dan jalur hijau sebut terima kasih kalau memang tidak mau lagi rawat buang saja sisa sisa pagarbesi dan mati saja pohon pohon sekali lagi tolong pada instansi kait agar peduli keluh kami terima kasih,['teks_diskusi']
baca kutip surat ikut yth urus osis smp setia hati brebes hormat hubung siap laksana bakti sosial harap hadir saudara hari tanggal selasa 17 juli 2012 waktu pukul 14 00 tempat ruang osis acara siap bakti sosial bagi tutup surat sebut tepat demikian surat mohon inikami sampai moga dapat kabul besar harap kami mohon ini ditindaklanjuti sekian dan terima kasih ingat penting acara sebut harap hadir tepat waktu demikian surat pemberitahuan ini sampai,['teks_diskusi']
baca kutip surat pribadi ikut kak desis rindu kak desis aku sampai kakak ibu sangat kangen kakak empat bulan kakak pulang kampung aku tahu kalau kakak sibuk kerja tugas tugas sekolah sibuk orang tua harap kakak datang bandung ibu sangat kangen kakak aku adik cukup sekian surat dari balas surat dai kakak sangat aku nanti nuning kalimat buka surat tepat dengan datang surat ini saya memberitahu kepada kakak bahwa ada kelurga di rumah kangen sama kakak kapan kakak pulang kampung halo kak desis apa kabar mengapa kak desis jarang pulang kampung apa kakak masih punya sibuk bagaimana kabar kakak di jakarta lalu surat ini saya harap ada kakak di jakarta sehat sehat saja sehingga kakak bisa pulang ke bandung kabar kakak aku tunggu hai kak desis apa kabar aku sampai bahwa ada kelurga di bandung dalam ada sehat wal afiat begitu juga daoaku untuk kakak,['teks_diskusi']
baca paragraf ikut 1 kanker tumor ganas tanda tumbuh abnormal sel sel jaring tubuh 2 kanker serang bagai organ penting tubuh manusia 3 faktor sebab turun gaya hidup tubuh sehat 4 kanker serang siapa pandang bulu kalimat dapat paragraf sebut tanda nomor 1 2 1 3 2 3 2 4,['paragraf']
baca paragraf ikut 1 masyarakat jawa milik model adaptasi imigrasi 2 pertama tahan tradisi budaya 3 dua bertranpormasi budaya baru 4 masyarakat jaea migrasi semenanjung malaka suriname serawak buruh kebun karet heterogen tahun 1900 an orang jawa tetap guna simbol budaya jawa nama bahasa kalimat utama paragraf sebut nomor 4 3 2 1,['paragraf']
baca paragraf ikut bagi besar orang kenal soda kue bahan kembang makan khusus kue roti sode kue punya guna makan keguanaan sebut soda kue netral bau asam hilang bau manfaat bersih dasar panci wajan warna hitam nyata soda kue bantu reda sakit maag kembung simpul isi paragraf sebut guna soda kue bagai kembang makan sode kue milik bagai macam menfaat dan guna bagai guna soda kue bagai kembang roti dan kue selain untuk kembang roti soda kue bagai bahan bersih,['paragraf']
baca paragraf ikut banyak bank laku promosi tarik nasabah salah satu bank mapan jaring nasabah bank tawar bagai macam produk serta iming iming hadiah langsung tarik alhasil pamer laku tempat bank jaring 80 nasabah baru kritik tepat baca sebut masyarakat sudah milik sadar untuk tabung untung jaring nasabah memang bank laku promosi kalau tidak ikut pamer bank sulit dapat nasabah baru pihak baru harus jamin aman dana nasabah bukan hanya iming iming,['paragraf']
baca paragraf ikut grup mahasiswa dokter laku ujicoba posko posko bencana banjir sebar bebrapa rw bawa obat obat sumbang milik apotek peduli derita rakyat kena musibah baik pilih cetak miring tepat tim praktikm derita tim tugas derita kelompok praktikm derita kelompok tugas derita,['paragraf']
baca paragraf ikut hidup hari hari manusia gantung sarana komunikasi giat apa laku manusia guna sarana komunikasi sarana komunikasi sarana komunikasi guna manusia sederhana maupun modern budaya manusia maju sekarang ada sarana komunikasi gagas utama paragraf sebut gantung manusia pada sarana komunikasi sarana komunikasi untuk manusia sarana komunikasi bagi tukar budaya tingkat sarana komunikasi modern,['paragraf']
baca paragraf ikut jumlah kunjung wisatawan taman nasional tanjung puting target 15 ribu orang per tahun mulai 2015 target harap penuh lalu kerja sama seluruh pengampua penting tuju capai masing masing mau kerja sama penignkatan kunjung wisatawan ganggu tuju utama daerah konversi wisatawan lama dominasi lancang manca negara gagas utama pararagraf tersebuut target jumlah wisatawan jumlah kunjung wisatawan tingkat kunjung wisatawan unjung domisili lancong manca negara,['paragraf']
baca paragraf ikut kawasan gunung kidul ekosistem jaga daerah sungai bawah tanah air limpah gua sungai huni kelompok kelelawar fitoplankton fitoplankton jadi makan ikan berkembangbiak baik hewan hewan melaya reptil sepertli ular kadal tokek liar burung burung kecil kicau musang lari lari ayam kokok bagai serangga hidup saling pengaruh gagas utama paragraf sebut salah satu gua di gunung kidul huni gua di gunung kidul tempat ekosistem yang masih jaga sungai bawah tanah,['paragraf']
baca paragraf ikut keluarga jadi wahana utama waris adab budaya keluarga bentuk praktik nilai dasar hubung antarmanusia keluarga praktik kesalingpahaman hak wajib sama anggota kelompok keluarga bukan objek mitra subjek program bangun bangsa simpul isi paragraf sebut keluarga rupa tempat utama waris adab dan budaya keluarga tanam nilai dasar hubung antarmanusia keluarga kurang peran bagi bangun bangsa manusia bagai anggota keluarga wajib bangun bangsa,['paragraf']
baca paragraf ikut kuasa dalam kena bahasa rupa tolak ukur hasil orang wartawan mahir bahasa wartawan mudah manipulasi bahasa sesuai tuju capa pilih kata tepat bangkit baca balik pilih kata ceroboh timbul reaksi harap simpul isi paragraf sebut wartawan memang kuasa bahasa wartawan pandai olah bahasa wartawan harus terampil bahasa wartawan pintar manipulasi bahasa,['paragraf']
baca paragraf ikut saksama 1 erupsi jadi pukul 07 30 wib pagi jumat 29 10 2 perubahaan aktifitas cukup cepat 3 lava pijar ikut awan panas bau belerang nampak sembur sejak jumat dini hari tadi 4 awan panas sembur mulut gunung rapi material gugur kata baku teks paragraf sebut dapat kalimat nomor 1 2 3 4,['paragraf']
baca paragraf ikut saksama pakar ikhtiologi simpul pulau toge bangga sulawesi tengah milik banyak jenis ikan khas sana kaji laku kurang tiga pekan catat 800 jenis ikan pulau sebut laku teliti lebih lama lebih banyak dasar 15 terumbu karang tim teliti temu kurang spesies baru teliti sponsor conservation internasional ci buah organisasi lingkung hidup internasional baik kata kata cetak miring paragraf sebut kata jenis ganti dengan kata spesies kata kaji ganti dengan kata teliti kata dasar ganti dengan kata dari kata jenis ganti dengan kata bangsa kata kaji ganti dengan kata teliti kata dasar ganti dengan kata dari kata jenis ganti dengan kata spesies kata kaji ganti dengan kata amat kata dasar ganti dengan kata hasil kata jenis ganti dengan kata variasi kata kaji ganti denga kata selam kata dasar ganti dengan kata dari,['paragraf']
baca puisi bawah seksama 1 mentari mulai terbit 2 awal aku kenal buku 3 raja siang bakar 4 awal aku bakar 5 hujan turun lebat 6 aku khawatir 7 bintang tabur bulan senyum 8 aku pikir 9 malam makin larut 10 aku rasa takut hilang diri larik majas puisi sebut 1 dan 2 5 dan 8 3 dan 7 9 dan 10,"['larik', 'majas', 'penggalan_puisi', 'puisi']"
baca puisi ikut buku kata kau gudang ilmu aku tak tahu wajah balut debu kau sendiri gudang gudang larik majas tepat lengkap puisi sebut di lemari tumpuk tumpuk ilmu apayang sembunyi kau menung sudut lemari buku mana yang akan baca,['majas']
baca puisi ikut puisi i abdi curah segenap asa lapang waktu kadang asa capai kerja ikhlas tulus hari pamrih selalu beri harap nanti nanti datang puisi ii dengin asa lelap kanan kiri aku lempar selimut aku buang enggan malas selalu gerogot fajar singsing aku luncur tempat cari ilmu tuk masa depan nan cerah perbedaab amanat dua puisi sebut puisi i puisi ii jangan engkau sedih jangan malas ke sekolah puisi i puisi ii harap agar cepat hasil lempar selimut jauh jauh tiap pagi puisi i puisi ii kerja dengan ikhlas dan tulus juan untuk capai masa depan puisi i puisi ii sukses pasti akan datang bangun tiap pagi buta,['puisi']
baca puisi ikut saksama papa teman kelas lulus uji nilai tinggi sangat sayang kini aku minta sedia papa serah biaya pesta ringan ongkos masuk sahabat sma tema puisi sebut manusia sahabat peduli korban,['puisi']
baca puisi ikut saksama papa teman kelas lulus uji nilai tinggi sangat sayang kini aku minta sedia papa serah biaya pesta ringan ongkos masuk sahabat sma tema puisi sebut suasana gambar puisi sebut gembira marah risau haru,['puisi']
baca puisi ikut salju mana pergi cari matahari salju turun pohon hilang daun mana jalan cari linkumhan tubuh kuyub pintu tutup tema puisi sebut indah matahari bimbang hati ramah lingkung getir hidup,['puisi']
baca puisi ikut seksama puisi aku karya taufik ismail puisi aku nyanyi sammpai senja umur puisi aku cinta batas cakrawala puisi aku kenang abadi datang tema puisi sebut tuju puisi cinta dalam puis kenang dalam puisi abadi karena puisi,['puisi']
baca puisi ikut situ gintung kala riak air gemuruh malam jelang fajar datang cepat jerat nyawa ibu orang bujur kaku hadap ilahi firasat larik majas lengkap puisi sebut alir deras usik sunyi malam lewat alir sungai malam itu alir tenang di tengah malam bahas larik majas dalam buah puisi adalah larik yang guna kata kata makna kias yang biasa jelas dasar kamus besar bahasa indonesia larik majas dalam puisi sebut adalah usik sunyi malam,"['larik', 'majas', 'penggalan_puisi', 'puisi']"
baca saksama ilustrasi ikut direktur bank amarta minta satpam hadap minta terang kait peristiwa curi bank sebut kepala satpam minta jelas kronologi peristiwa lisan isi pesan singkat tepat dasar ilustrasi sebut jelas kronologi peristiwa curi itu di hadap saya cepat segera hadap saya dan jelas kronologi curi itu cara lisan cepat harap hadap satpam dan jelas kronologi curi itu kami minta saudara buat jelas tentang kronologi curi cara cepat,"['kalimat', 'kalimat_efektif', 'perbaikan_kalimat', 'ulasan', 'ulasan_kalimat']"
baca seksama kutip cerita ikut begini pak anak jati pagi tadi pulang jual temu dompet pak dalam identitas nama bapak jumlah uang buka seluruh isi ucap ibu jati beri jelas dokter iya alhamdullilah benar bu hilang dompet pagi tadi isis identitas beberapa surat surat penting arti nak jati temu ungkap dokter heryawan iya benar sekali milik alhamdullliah masuh rezeky isi utuh terimakasih banyak nak jati ibu berkat nak jati dompet surat surat penting utuh ucap dokter heryawan nada syukur baik pak segera pamit ucap ibu jati tunggu sebentar bu dokter heryawan masuk keluar bawa bungkus plstik warna hitam dar buat keluarga ibu rumah buat nak jati amanat kutip cerpen sebut tepat jangan pernah ambil barang yang bukan hak buat baik pada orang baik sikap jujur pada diri sendiri sikap jujur pada diri sendiri,['cerpen']
baca seksama puisi ikut blora nikmat blora mimpi masa kanak cinta gagal terlalu hafal citra tonjol larik 1 kutip puisi sebut lihat dengar asa adab,"['larik', 'majas', 'penggalan_puisi', 'puisi']"
baca seksama puisi ikut blora nikmat blora mimpi masa kanak cinta gagal terlalu hafal isi dapat puisi sebut blora yang jadi impi blora yang tidak janji hidup yang baik blora yang janji blora yang janji hidup,"['larik', 'majas', 'penggalan_puisi', 'puisi']"
baca seksama tajuk ikut banyak dengar saksi kiprah rawan bagai susah dunia tolong korban gempa bumi bencana alam lain rawan tolong kaum pinggir aniaya akhir saksi korban rawan coba tebus blockade israel gaza upaya bagi naik kapal mavi marmara korban nyawa derita serang pasu israel syukur meski rawan indonesia luka rawat banyak 10 rawan lain bebas kata lolos maut serang pasu israel serang jadi siapa gugur jadi korban sampai harga tinggi rawan palestina rawan lama bakti diri luhur manusia lihat teladan bukti hidup baru makna dedikasi baik sesame palestina tampak blockade israel amal usik rasa perikemanusiaan rawan tulis tajuk sebut pihak perintah rawan palestina israel,['ulasan']
baca tajuk ikut seksama upaya jaga karya cipta bangsa globalisasi buat gera penting mampu kekang batas batas negara atas nama bebas demokrasi orang lembaga bahkan negara saling klaim kuasa untung satu sama dampak globalisasi landa kaya intelektual budaya pihak pihak luar negeri mudah aku hasil kreativitas karya cipta bahkan budaya hasil cipta tarik untung besar besar harga upaya seniman kebaya kta adjie notonegoro pekan lalu deklarasi kebaya busana wanita indonesia deklarasi perlu sangat desak laku desak sadar hak cipta sangat rendah harga upaya perintah sama perintah daerah tenagn inventaris karya karya seni tradisional sumber daya hayati bagai daerah indonesia sekali jangan lupa paten kenang bangsa punya banyak karya cipta punya hak aku milik ibarat orang ibu lahir aku sang jabang bayi anak sungguh sedih gagas utama tajuk sebut globalisasi buat negara negara di dunia saling kuasa untuk raih untung tiap negara hak klaim kreativitas negera lain bagai karya cipta kita perlu paten karya cipta bangsa agar bangsa lain tidak aku bagai kreativitas kita patut harga upaya pemerinta inventaris karya cipta daerah dari bagai daerah di indonesia,['teks_berita']
baca tajuk ikut seksama upaya jaga karya cipta bangsa globalisasi buat gera penting mampu kekang batas batas negara atas nama bebas demokrasi orang lembaga bahkan negara saling klaim kuasa untung satu sama dampak globalisasi landa kaya intelektual budaya pihak pihak luar negeri mudah aku hasil kreativitas karya cipta bahkan budaya hasil cipta tarik untung besar besar harga upaya seniman kebaya kta adjie notonegoro pekan lalu deklarasi kebaya busana wanita indonesia deklarasi perlu sangat desak laku desak sadar hak cipta sangat rendah harga upaya perintah sama perintah daerah tenagn inventaris karya karya seni tradisional sumber daya hayati bagai daerah indonesia sekali jangan lupa paten kenang bangsa punya banyak karya cipta punya hak aku milik ibarat orang ibu lahir aku sang jabang bayi anak sungguh sedih simpul tajuk sebut globalisasi dampak baik bagi negara negara maju sadar hak cipta bangsa indonesia masih rendah indonesia selalu perangah saksi hebat bangsa lain perintah daerah sudah lama paten budaya daerah,['teks_berita']
baca teks beri seksama demokrasi transisi banyak sekali timbul soal macam soal rugi warga semua anggap wajar asal jangan bablas timbul kesan kacau unjuk rasa serta keras jadi minggu kemarin kota p unjuk rasa picu soal biar larut larut gusur konflik kuasa kelompok gaji hasil kenaikanharga atas langka butuh pokok picu jadi unjuk rasa sisi unjuk rasa dorong cepat selesai bagai masalah perlu tanya berapa jauh unjuk rasa lebih dampak selesai pecah soal gagas utama tajuk sebut pada saat ini unjuk rasa serta keras demokrasi timbul soal yang rugi warga unjuk rasa dalam laksa demokrasi wajar asal tidak biar larut larut unjuk rasa dapat tingkat dan cepat selesai masalah,"['kalimat', 'kalimat_efektif', 'perbaikan_kalimat', 'teks_berita', 'ulasan', 'ulasan_kalimat']"
baca teks beri seksama demokrasi transisi banyak sekali timbul soal macam soal rugi warga semua anggap wajar asal jangan bablas timbul kesan kacau unjuk rasa serta keras jadi minggu kemarin kota p unjuk rasa picu soal biar larut larut gusur konflik kuasa kelompok gaji hasil kenaikanharga atas langka butuh pokok picu jadi unjuk rasa sisi unjuk rasa dorong cepat selesai bagai masalah perlu tanya berapa jauh unjuk rasa lebih dampak selesai pecah soal kalimat fakta kutip tajuk sebut kalimat pertama paragraf pertama kalimat empat paragraf pertama kalimat pertama paragraf dua kalimat tiga paragraf dua,"['kalimat', 'kalimat_efektif', 'perbaikan_kalimat', 'teks_berita', 'ulasan', 'ulasan_kalimat']"
baca teks beri seksama demokrasi transisi banyak sekali timbul soal macam soal rugi warga semua anggap wajar asal jangan bablas timbul kesan kacau unjuk rasa serta keras jadi minggu kemarin kota p unjuk rasa picu soal biar larut larut gusur konflik kuasa kelompok gaji hasil kenaikanharga atas langka butuh pokok picu jadi unjuk rasa sisi unjuk rasa dorong cepat selesai bagai masalah perlu tanya berapa jauh unjuk rasa lebih dampak selesai pecah soal simpul tajuk sebut perintah tidak bisa putus sendiri soal yang ada unjuk rasa picu soal yang biar larut larut demokrasi indonesia masih dalam taraf transisi sehingga banyak soal dalam demokrasi buat bijak dan laksana makan waktu lama,"['kalimat', 'kalimat_efektif', 'perbaikan_kalimat', 'teks_berita', 'ulasan', 'ulasan_kalimat']"
baca teks beri seksama demokrasi transisi banyak sekali timbul soal macam soal rugi warga semua anggap wajar asal jangan bablas timbul kesan kacau unjuk rasa serta keras jadi minggu kemarin kota p unjuk rasa picu soal biar larut larut gusur konflik kuasa kelompok gaji hasil kenaikanharga atas langka butuh pokok picu jadi unjuk rasa sisi unjuk rasa dorong cepat selesai bagai masalah perlu tanya berapa jauh unjuk rasa lebih dampak selesai pecah soal tajuk sebut tahu tulis lebih bepihak rakyat perintah dprd dpr,"['kalimat', 'kalimat_efektif', 'perbaikan_kalimat', 'teks_berita', 'ulasan', 'ulasan_kalimat']"
baca teks ikut seksama 1 hari rabu 20 12 ronaldinho menang ada porta alegre tempat kelahirannta 21 maret 1980 2 peristiwa paling emosional hidup ujar pidato hadap 400 hadirin masuk politik lokal latih brazil dunga asal wilayah porta alegre 3 selalu mimpi jadi akhir jadi nyata 4 rupa gol baik pernah laku ujar main barcelona memang kali menang main baik dunia tahun 2004 2005 nyata rupa fakta teks sebut tanda nomor 4 dan 1 3 dan 2 2 dan 4 1 dan 5,['teks_berita']
baca teks ikut seksama 1 sembur awan panas hangus pohon lereng gunung rapi 2 masyarakat gujnug fenomena sebut mungkin ubah pola pikir warga tinggal desa 3 amat seismograf papar hari catat 15 kali gempa susul 4 semua prihatin nasib warga daerah bahaya sebut kalimat fakta paragraf sebut tanda nomor 1 2 1 3 2 3 3 4,['teks_berita']
baca teks ikut seksama nirmala bonet gadis usia 19 tahun orang tenaga kerja indonesia tki kerja malaysia maksud cari nafkah negeri jiran dapat musibah musibah timpa gadis asal kupang nusa tenggara timur milu sekaligus sayat hati aniaya istri majikan hingga cacat beberapa soal sepele kecil buat nirmala siksa sangat biadab rambut keriting potong terus bakar muka cakar bibir pukul babak bur kepala kening tangan nirmala pukul gelas besi hingga darah paha lengan dada siram air panas kulit kelupas kalimat utama paragraf dua baca sebut dapat kalimat pertama dua tiga empat,['paragraf']
baca teks ikut seksama nirmala bonet gadis usia 19 tahun orang tenaga kerja indonesia tki kerja malaysia maksud cari nafkah negeri jiran dapat musibah musibah timpa gadis asal kupang nusa tenggara timur milu sekaligus sayat hati aniaya istri majikan hingga cacat beberapa soal sepele kecil buat nirmala siksa sangat biadab rambut keriting potong terus bakar muka cakar bibir pukul babak bur kepala kening tangan nirmala pukul gelas besi hingga darah paha lengan dada siram air panas kulit kelupas nyata rupa dapat dapat kalimat pertama paragraf pertama kalimat pertama paragraf dua paragraf pertama kalimat tiga paragraf dua kalimat empat,"['kalimat', 'paragraf', 'ulasan']"
baca tema karya ilmiah ikut tema tingkat prestasi belajarsiswa baca sama rumus masalah tepat sesuai tema sebut siapa saja yang prestasi ajar tingkat kapan kita dapat tingkat prestasi ajar baca bagaimana upaya tingkat prestasi ajar dengan baca sama apakah dengan ajar dapat tingkat prestasi baca sama,"['kalimat', 'kalimat_efektif', 'perbaikan_kalimat', 'ulasan', 'ulasan_kalimat']"
baca tema kaya ilmiah ikut tema tingkat gemar baca siswa baca novel rumus masalah tepat sesuai tema karya sebut siapa yang gemar baca tingkat dengan baca novel bisa gemar baca siswa tingkat dengan baca novel bagaimana tingkat gemar baca siswa dengan novel apakah dengan baca novel dapat tingkat gemar baca buku,['ulasan']
banyak bulan perkara bulan mulia 1 banyak tuhan perkara tuhan mulia tuhan 2 kata kata tepat lengkap larik pantun sebut 1 bulan purnama 2 yang asih 1 bulan di angkasa 2 maha perkasa 1 bulan puasa 2 yang kuasa 1 bulan ribu bulan 2 maha nyanyang,"['larik', 'majas', 'penggalan_puisi', 'puisi']"
banyak prasarana umum kota kota besar urus contoh halte bus halte bus selalu bersih orang tunggu bus rasa nyaman bus dekat stasiun halte banyak sekali coret guna cat semprot pemda tempat perhati biar lebih banyak halte coret coret informasi tentang kutip berita sebut halte bus harus bersih dan nyaman nyata banyak coret prasarana umum di kota kota besar tidak urus oleh pemda coret di halte bus akan makin banyak harus pemda lihat halte bus dekat stasiun,"['kalimat', 'kalimat_efektif', 'perbaikan_kalimat', 'teks_berita', 'ulasan', 'ulasan_kalimat']"
baru beberapa hari keluar penjara kalimat bawah rupa tanya kalimat atas mulai kapan dia keluar dari penjara kapan dia keluar dari penjara berapa lama dia masuk ke dalam penjara sudah berapa hari dia keluar dari penjara,['kalimat']
begini ira rencana lampung kayak gagal sekarang aku tugas anggota paskibra upaca hari sakti pancasila camat aku latih hari sabtu minggu aku rumah maaf aku sahabat vina tutup surat sebut tepat demikian informasi dari saya harap jadi maklum cukup sekian dulu moga jadi periksa ada sekian dulu sobat cinta sampai jumpa besok atau lusa sekian dulu kabar dari mudah mudah kamu tidak kecewa,"['kalimat', 'kalimat_efektif', 'perbaikan_kalimat', 'ulasan', 'ulasan_kalimat']"
berita surat kabar korban sakit flu burung wabah banyak sekali berita banyak korban flu burung lansir hari muka jakarta baik kalimat pertama jadi kalimat efektif letak kata wabah telah kata sakit hilang kata wabah dan sekali pindah kata sudah belum kata sangat tempat kata sudah dan banyak belum kata korban,['kalimat_efektif']
betul betul sedang perlu uang paman pinta danur tengah emis ah kamu anak kemarin kamu percaya aku kan paman tak uang bawa lari sarman teriak tunjuk nunjuk keponakan danur bukan main kejut dengar ria paman buat beberapa warga kampung halaman keluar rumah longok kepala rumah sarman hati iris dengar ucap paman lebih ingat mawarni golek rumah sakit serang demam darah gadis mungil putri lima tahun masuk rumah sakit uang simpan habis beli obat harap uang pinjam paman kembali meski tagih paman cara baik baik hasil nihil habis akal ingat warga kampung punya biasa tabung koperasi warga sulit uang mudah uang pinjam tolong bagi meski sarman masuk hitung amanat tepat sesuai kutip cerita sebut jangan elak dari tanggung jawab buat baik belum tentu dapat balas baik kita urus diri sendiri perlu taruh percaya kepada orang lain,"['cerpen', 'kalimat', 'kalimat_efektif', 'perbaikan_kalimat', 'ulasan', 'ulasan_kalimat']"
betul betul sedang perlu uang paman pinta danur tengah emis ah kamu anak kemarin kamu percaya aku kan paman tak uang bawa lari sarman teriak tunjuk nunjuk keponakan danur bukan main kejut dengar ria paman buat beberapa warga kampung halaman keluar rumah longok kepala rumah sarman hati iris dengar ucap paman lebih ingat mawarni golek rumah sakit serang demam darah gadis mungil putri lima tahun masuk rumah sakit uang simpan habis beli obat harap uang pinjam paman kembali meski tagih paman cara baik baik hasil nihil habis akal ingat warga kampung punya biasa tabung koperasi warga sulit uang mudah uang pinjam tolong bagi meski sarman masuk hitung nilai adat dapat kutip cerita sebut baik sangka dapat pahala biasa tabung untuk saling tolong utang piutang tidak manfaat marah tidak selesai masalah,"['cerpen', 'kalimat', 'kalimat_efektif', 'perbaikan_kalimat', 'ulasan', 'ulasan_kalimat']"
buah cempedak buah durian pergi pekan naik sepeda 1 2 larik tepat lengkap pantun atas 1 jangan ragu buat baik 2 senyum saja sudah ibadah 1 pikir dulu belum tindak 2 sesal kemudian tiada guna 1 supaya tidak sesal kemudian 2 perlu selalu sikp waspada 1 mari kita jalin silatuhrahmi 2 untuk tambah sanak saudara,['larik']
buat salah bagi hidup orang bebas salah sering laku salah wajar perlu buat malu rendah diri jadi jangan takut mencaoba laku bagai coba laku baru bahkan tambah alam kreatifitas asal jangan coba langgar atur baik kalimat sumbang cetak miring paragraf sebut sering laku salah rupa hal yang wajar tidak perlu buat malu apalagi rendah diri sering laku salah adalah hal yang logis tidak perlu buat malu apalagi rendah diri pernah laku salah adalah hal wajar apalagi rendah diri pernah laku salah adalah hal tidak logis tidak perlu buat malu apalagi rendah diri,['kalimat']
bunga tepi jalan tampung debu kendara tumbuh luar karang mati dekap tema kutip puisi sebut senang harus sengsara miskin,"['majas', 'puisi']"
cari masalah diskusi anggota cari masalah diskusi 1 jangan lupa diskusi jalan lancar tentu moderator 2 notulen 3 bahas sama sama masalah kelompok diskusi argumentasi 4 istilah istilah paragraf sebut bila susun jadi kamus kecil tepat 1 2 3 4 2 3 4 1 4 3 1 2 4 1 2 3,['paragraf']
cermat identifikasi masalah ikut identifikasi masalah internet kalang ajar manfaat internet ajar paragraf latar belakang tepat sesuai identifikasi masalah sebut intenet saat ini dapat akses dengan mudah dan murah mereka yang haus informasi dapat cari dari telepon genggam kemudian ini sekaligus bagai tambah tahu dengan demikian tahu siswa akan dapat dari mana saja ajar banyak yang guna internet tahu yang akses dari internet sangat manfaat untuk ajar di sekolah maupun di rumah tahu tidak harus dapat dari guru di sekolah saja salah satu media massa yang popular saat ini adalah internet masuk di kalang ajar mereka bebas akses lagu gambar dan bagai informasi jika tidak fasilitas dampak buruk bagi ajar oleh karena itu perlu dekat yang tepat kepada siswa dalam manfaat internet internet bukan rupa hal baru namun jika guna tidak benar khawatir mereka akan akses hal hal yang sifat negative internet juga dapat guna bagai media ajar,"['paragraf', 'ulasan']"
cermat ilustrasi ikut bulan april smp pelangi nusa ada ingat hari kartini ingat hari kartini tahun 2015 isi lomba pidato cerdas cermat umum menang lomba sampai upacara bendera tanggal 21 april 2015 teks berita dasar ilustrasi sebut tiap bulan april di smp pelangi nusa selalu ada ingat hari kartini tidak kecuali pada tahun 2015 ini giat untuk isi ingat antara lain upa lomba pidato dan cerdas cermat selain itu pada puncak ingat pada tanggal 21 april 2015 ada upacara bendera sekaligus umum menang lomba bagaimana tahun tahun belum tiap bulan april di smp pelangi nusa selalu ada ingat hari kartini tidak kecuali pada tahun 2015 ini giat untuk isi ingat hari kartini ini antara lain aga lomba pidato dan cerdas cermat di samping acara sebut pada puncak ingat pada tanggal 21 april 2015 ada upacara bendera sekaligus sampai umum menang lomba smp pelangi nusa selalu ada ingat hari kartini giat untuk isi ingat hari kartini ini antara lain lomba pidato dan cerdas cermat di samping acara sebut puncak ingat pada tanggal 21 april 2015 ada upacara bendera bulan april 2015 smp pelangi nusa ada ingat hari kartini giat isi dengan lomba pidato dan cerdas cermat puncak ingat ada upacara bendera sekaligus sampai umum menang lomba,['teks_berita']
cermat kalimat ikut hendak sekolah makan ketupat makan bawah pohon randu jadi pantun baik larik tepat lengkap jangan engkau malas malas pasti akan sesal nanti jika kamu giat ajar cita cita pasti akan capai jangan sia sia waktu muda sesal di kemudian hari bajar engkau dengan giat supaya dapat juara satu,"['larik', 'majas', 'penggalan_puisi', 'puisi']"
cermat kalimat ikut kabar kembang mobil listrik benar embus sejak mulai awal tahun 2000 an kalimat tesebut jadi efektif hilang kata tentang sudah mulai tahun,['kalimat_efektif']
cermat kutip naskah drama ikut putri pink sih sedih tahan isak 1 vince mungkin cerah put harap gue sih pilih pink warna merah biru ambil superman putri hitam dipake sama batman gitu kan cubit harap abang dua baik tunjuk laku tepat putri lamun 1 tertawa lamun senyum penasaran,['perbaikan_kalimat']
cermat kutip surat ikut yth kepala smpn 162 jakarta jakarta hormat rangka beri perhati bantu masyarakat mampu mohon saudara kepala sekolah kumpul data siswa keluarga mampu banyak lima puluh orang kalimat tepat lengkap surat sebut atas perhati ucap terima kasih atas perhati kami ucap terima kasih atas hadir saudara kami ucap terima kasih atas kerja sama yang baik kami ucap terima kasih,"['kalimat', 'kalimat_efektif', 'perbaikan_kalimat', 'ulasan', 'ulasan_kalimat']"
cermat penggal puisi ikut alam tempat embun pagi gelayut dedaunan mentari intip balik bukit kecil udara bersih sapa tubuh sejuk bulu bulu kuduk ku diri mengigil sumber brainly co id majas dapat penggal puisi sebut personifikasi hiperbol litotes metonimia,['puisi']
cermat puisi ikut andai esok tak mentari arah langkah henti ketika langit ubah warna kelabu bunga bunga dadak layu larik majas personifikasi lengkap bagi rumpang puisi sebut gerimis pun mulai reda lagi udara asa dingin sekali tanpa lentera akan gelap sekali embun pagi henti nyanyi,['puisi']
cermat puisi ikut kail kali kali kecil keruh sampah kotor ikan ikan tinggal sedikit payah kembang biak ibu sakit suasana puisi sebut sedih keperihatinan khawatir kacau,['puisi']
cermat puisi ikut laut meski terumbu karang jaga abad abad kau hancur alas baris majas personifikasi lengkap puisi sebut laut tak pernah warna abu abu laut tak pernah tanpa sampah laut tak pernah menang laut tak pernah gelombang,['puisi']
cermat puisi ikut masa kecil aku timang timang kasih ibu korban bapak curah batas tema puisi sebut belas kasihan korban kasih sayang berani,['puisi']
cermat tabel ikut tabel hasil angket masyarakat pustaka keliling tahun hasil angket persen baik buruk tahu juli 2005 68 20 12 desember 2005 62 22 16 juli 2006 72 17 11 desember 2006 70 16 14 juli 2007 71 14 15 desember 2007 75 15 10 informasi tepat dasar tabel sebut informasi tentang pustaka keliling yang tidak paham oleh masyarakat jadi pada bulan juli 2007 nilai baik baik tentang pustaka keliling oleh masyarakat jadi pada desember 2007 banding tahun 2005 pada tahun 2006 masyarakat lebih banyak tahu tentang pustaka kelilling nilai masyarakat buruk tentang ada pustaka keliling jadi pada tahun 2006,"['kalimat', 'kalimat_efektif', 'perbaikan_kalimat', 'teks_berita', 'ulasan', 'ulasan_kalimat']"
cermat tulis kalimat ikut tubagus chasan sochib ayahanda gubernur banten ratu atut chosiyah menninggal dina rumah sakit sari asih serang baik kalimat tepat kalimat sebut tubagus chasan sochib ayahanda gubernur banten ratu atut chosiyah tinggal dunia di rumah sakit sari asih serang tubagus chasan sochib ayahanda gubernur banten ratu atut chosiyah tinggal dunia di rumah sakit sari asih serang tubagus chasan sochib ayahanda gubernur banten ratu atut chosiyah tinggal dunia di rumah sakit sari asih serang tubagus chasan sochib ayahanda gubernur banten ratu atut chosiyah tinggal dunia di rumah sakit sari asih serang,"['kalimat', 'kalimat_efektif', 'perbaikan_kalimat', 'ulasan_kalimat']"
dukung gera tanam juta pohon osis smpit adzkia sukabumi maksud selenggara baktisosial lalu giat tanam pohon inspirasi tanam pohon batang beri banyak manfaat slogan sesuai ilustrasi sebut satu pohon demi anak cucu satu pohon juta manfaat ayo tanam sekarang juga hujau lingkung dengan tanam,['teks_diskusi']
dulu akrab kenal makan konsumsi khusus awar sehat jepang bahan dasar aalah ejnsin rumput laut kkhusus hasil merupajan makan kaya kandung serat makan asal rumput laut diri atas jenis serat makan sekaligus serat laut serat larut rendah kalori sekian banyak jenis makan paling kaya kandung serat makan capai 80 9 gr 100 gr saran dasar simpul karya ilmiah sebut untuk jaga sehat baik kita menginsumsi agar agr yang kaya akan kandung serat yang perlu oleh tubuh agar agar rupa makan yang kaya akan kandung serat capai 80 9 gr dalam 100 gr masyarakat di jepang sangat gemar makan agar agar yang kaya akan kandung gizi yang kaya akan kadung serat rumput laut bagai bahan agar agar baik guna bagai bahan kosmetik saja karena kandung gizi yang tinggi,['paragraf']
etimologi arti homo beda kata sama manusia,['teks_diskusi']
gumpal langit mahasempurna bertahta bintang bintang angkasa satu bintang pijar untai turun sapa jenis citra dapat larik dua puisi sebut lihat asa dengar cium,['puisi']
hadirin sekali museum rupa salah satu sumber ajar lalu benda benda pamer museum unjung memperlajari bagai unjung ajar sejarah kembang manusia unjung ajar budaya lingkung masa lalu baik kalimat efektif awal paragraf sebut hadirin museum rupa salah satu sumber ajar para hadirin museum rupa salah satu sumber ajar para hadirin sekali museum rupa salah satu sumber ajar hadirin dan hadirat museum meruoakan salah satu sumber ajar,"['cerpen', 'kalimat', 'kalimat_efektif', 'perbaikan_kalimat', 'ulasan', 'ulasan_kalimat']"
harga bahan pokok pasar cekik leher majas jenis kalimat sebut suara dapat pecah gendang telinga dengan garuda ayah pergi ke papua tadi pagi matahari telah mulai tenggelam ke adu sudah dua hari ini ia tidak kelihatanbatang hidung,['majas']
hati hati kendara patuh atur nyaman jalan sadar selamat semua begitu harap warga kota maksud kalimat dua iklan sebut harus kita sdar akan atur lalu lintas sehingga harap warga penuh kalau kita taat atur lalu linta akan selamat warga kota harus semua orang taat atur lalu lintas agar selamat kalau kita penuh aturanlalu lintas jalan akan nyaman,['teks_diskusi']
hati remuk redam hanafi pulang kampong halaman sumatera barat ibu kembali hanafi rafiah hanafi tolak mungkin jilat liur ludah hanafi sesal tindak mau indah nasihat orang tua derita jalan hidup tak lama kemudian hanafi mati tel empat butir sublimat pesan sirat kutip cerita sebut jangan pulang kampong dalam ada sedih jangan tolak ingin orang tua turut nasihat orang tua jalan hidup sesuai dengan pilih,"['cerpen', 'kalimat', 'kalimat_efektif', 'perbaikan_kalimat', 'ulasan', 'ulasan_kalimat']"
humor 1 sampai cara 2 baik jangan pakai kurang orang cacat 3 teman humor meski lucu jangan sakit hati teman lucu 4 humor bukan humor cerdas kata kata cetak miring paragraph sebut urut bentuk kamus kecil urut tepat 3 2 1 4 5 3 2 5 4 1 3 1 2 4 5 3 2 5 1 4,['paragraf']
ikut ciri ciri poster persuasif singkat tarik bahasa baku,['teks_diskusi']
ikut masuk homonim mekanik itu baik mobil tank dengan batang tang saja di masa sekarang ini banyak sekali jadi gera massa ia lebih suka tonton film seri daripada tanding bola akhir seri kendara sepeda motor sambil pencet hp rawan celaka dan bahaya tulang rawan,['teks_diskusi']
ikut rupa perlu perhati susun rangkum panjang rangkum sesuai dengan panjang pendek buku yang rangkum guna kalimat tungga tahan gagas asli arang tidak masuk gagas buat rangkum,['teks_diskusi']
jadi kau bunga selalu kembang selalu mekar panjang musim basah kemarau jadi kau bunga gar belukar tumbuh kembang mana engkau tabur citra bait puisi sebut lihat dengar aba cium,['puisi']
jadi kau bunga selalu kembang selalu mekar panjang musim basah kemarau jadi kau bunga gar belukar tumbuh kembang tuju kutip puisi sebut dorong tiap orang untuk selalu ikhlas kerja keras dan tahan uji beri semangat agar pantang serah penuh kasih dan percaya diri dorong tiap orang untuk selalu peduli percaya diri dan adaptif ajak untuk maju tahan uji punya semangat hidup dan adaptif,['puisi']
jumlah sandang buta aksara kabupaten sukasari golong tinggi capai 90 000 jiwa atas kondisi pemkab sukasari target 2009 wilayah bebas buta aksara duduk buta aksara sebut papar kepala dinas didik budaya kabupaten sukasari bagi besar 90 rupa usia produktif 14 hingga 44 tahu tinggi buta aksara sebut kait bagai faktor ekonomi rendah sadar didik utama kalang tani lihat sebar buta aksara dominasi camat bagi besar duduk kerja tani kritik tepat pemkab sukasari perlu ada program yang jelas kurang buta aksara nyata kepala dinas didik kurang sejuk masyarakat tani usia produktif perlu tingkat mampu tan tingkat ekonomi tani jadi tanggung jawab dinas budaya,"['kalimat', 'kalimat_efektif', 'perbaikan_kalimat', 'teks_berita', 'ulasan', 'ulasan_kalimat']"
kalau cerdas pergi pasar beli talas makan rebus dulu siang malam baca buku larik larik kalimat acak sebut jadi pantun bila susun urut 1 4 3 2 2 3 1 4 3 2 1 4 4 2 1 3,"['larik', 'puisi']"
kalimat ungkap alam tarik tiap hari ibu masak gulai makan itu memang suka pagi pagi aku suruh kirim oleh oleh ke rumah kakek ketika belanja ke toko bahagia aku temu dengan teman lama pada waktu itu aku temu kertas kertas cecer di kelas,['kalimat']
kamus bahasa indonesia istilah bawa acara wara presenter ptotokoler host,['teks_diskusi']
kapal laut lihat sembuah titik tengah laut nan jauh titik terus gelinding kuat tiada terjang ombak terpa angin kata tepat lengkap kutip sebut irama sama baris belum gentar kelit jauh geming,['puisi']
kawasan parangkusuma bantul nyata pernah dapat gunung api bukti ada lava sebut watu gilang diri kawasan sebut sungguh sedang ada atas puncak gunung api watu gilang lava beku teliti tim geologi upn yogyakarta isi kutip teks berita sebut tepat teliti watu gilang di kawasan parangkusuma bagai puncak gunung rap watu gilang rupa lava gunung rap yang bantu teliti tim geologi masyarakat banyak yang dapat bahwa watu gilang bagai gunung pai lava yang bentuk di kawasan parangkusuma yang sering diserbut watu gilang,"['kalimat', 'kalimat_efektif', 'perbaikan_kalimat', 'teks_berita', 'ulasan', 'ulasan_kalimat']"
kembang tengah jalan karya armin pane meja hendak hias kembang jauh gunung kau petik sekarang kembang jauh jalan panas hari bunga layu tengah jalan tema puisi sebut indah panorama gunung gelisah orang sahabat kasih yang tidak sampai sedih yang tak kunjung akhir,['puisi']
kereta api lewat puncak nagrek mulai turun bandung lepas tengah hari luncur cepat pikir luncur terus peristiwa malam habis pangandaran tak mungkin agak lepas himpitan pengaruh betapa mungkin peristiwa terlalu hebat jiwa jenis konflik kutip novel sebut fisik lahir batin jasmani,"['larik', 'majas', 'penggalan_puisi', 'puisi', 'ulasan']"
kini aku minta sedia papa serah biaya pesta ringan ongkos masuk sahabat sma manusia sahabat peduli korban,['puisi']
komisi berantas korupsi nilai lembaga eksekutif legislatif 1 2 3 4 tengah hati berantas korupsi lihat ada mau 5 reformasi sistem birokrasi adil 6 7 8 kata kata nomor paragraf sebut tepat susun jadi kamus kecil urut 5 8 3 2 1 4 6 7 5 8 3 1 2 4 6 7 8 3 1 2 4 5 6 7 8 3 2 1 6 5 4 7,['paragraf']
kring guru halo selamat siang siswa guru sendiri apa siswa marwan kelas viia mohon izin masuk sekolah sakit kalimat tepat lengkap cakap sebut halo siapa situ saya ingin bicara dengan pak indra selamat pagi pak bisa saya bicara dengan pak indra selammat pagi apakah anda pak indra saya ingin bicara halo kalau tidak berat saya ingi bicara dengan pak indra,['kalimat']
latar belakang desa suka maju 50 persen anak lulus sd lanjut smp orang tua bagi besar kerja buruh tani rasa mampu biaya anak lanjut sekolah perlu suatu usaha anak anak sebut terus lanjut sekolah rumus masalah tepat latar belakang sebut bagaimana upaya orang tua agar anak lulus sd di desa suka maju dapat lanjut ke smp mengapa harus laku tingkat agar anak lulus sd di desa suka maju bagaimana upaya tingkat persentase lanjut ke smp bagi siswa lulus sd suka maju kapan upaya harus laku agar anak lulus sd di desa suka maju dapat lanjut ke smp,['ulasan']
lelaki buta kemudian coba naik jalan anak anak bantu tarik tangan lek war kali tolak bantu sebut anak anak bantu ambil sandal jepit pasang kaki mulai tampak gigil dingin hampir seluruh tangan basah untung selokan isi air comberan air irigasi air puluh petak sawah belah kampung latar tempat peristiwa kutip cerpen sebut jalan raya selokan sawah kampung,"['cerpen', 'kalimat', 'kalimat_efektif', 'perbaikan_kalimat', 'ulasan', 'ulasan_kalimat']"
majas litotes dapat kamu baru datang ya maaf hidang hanya alakadarnya saja rayu pulau kelapa lambai lambai tulis sangat bagus sampai saya saja tidak bisa baca,['majas']
masuk jenis softnews profil atau kisah sukses orang editorial info wisata dan budaya tahu,['teks_diskusi']
mentari mulai terbit ucap salam selamat pagi burung burung nyanyi riang terbang pilih kata diksi tepat lengkap puisi rumpang sebut di rumput hiau pinggir sawah jalan setapak di angkasa raya,['puisi']
monpera monumen juang rakyat rupa salah satu bangun bangga warga palembang betapa monumen pajang patung burung garuda dinding depan bangun kenang juang rakyat sumatera selatan lawan jajah masa revolusi fisik dikennal tempur lima hari lima malam sini basis juang galang kuat tempur lawan jajah belanda gagas pokok paragraf sebut pajang patung garuda pada monpera bangun bangga warga palembang juang rakyat sumatera selatan pada monpera galang rakyat palembang dalam monpera,['paragraf']
naik bbm tinggi mengangetkan masyarakat bawah jumlah amat nilai naik sangat rasional buru buru alas perintah soal bijak rupa bohong publik gagas utama paragraf sebut sorot harga bbm sangat sering nilai harga bbm tidak rasional naik harga bbm kaget umum bbm sampai masyarakat,"['paragraf', 'teks_berita']"
nana ketua osis baru terima surat osis smp tunas muda nyata kunjung sekolah nana silaturahmi studi banding ajak ada tanding sahabat bola voli putra putri hari sabtu minggu nana ambil putus segera kumpul seluruh urus osis ada rapat bahas minta osis smp tunas muda sebut nana segera tulis pesan singkat sekretaris osis pesan singkat tepat sesuai giat nana laksana segera siap surat yang nyata tidak rat terima kunjung kepada osis smp tunas muda segera siap surat yang nyata rat terima kunjung kepada osis smp tunas muda segera siap surat undang rapat urus osis besok pagi untuk bahasa kunjung osis smp tunas muda segera siap surat undang untuk para urus osis agar pada hari sabtu hadir terima kunjung osis smp tunas muda,"['kalimat', 'kalimat_efektif', 'perbaikan_kalimat', 'ulasan', 'ulasan_kalimat']"
orang juang cerita alam lawan jajah belanda kondisi ekonomi sangat sulit teman temannyaberjang capai merdeka juang hadap belanda sangat berat belanda senjata alat tempur modern juang lawan belanda senjata ada kali tempur juang juang taruh nyawa tetap semangat rebut merdeka puisi tepat lukis alam sebut kami juang usir jajah walau lapar dera senjata bambu runcing meriam musuh dentum bom bom hambur di udara tiada surut semangat kami tuk raih merdeka densingan peluru meriam musuh dentum bom bom berhamburang di udara tiada surut semangat kami tuk raih merdeka terus juang walaupun kami telah tiada kami hanya punya semangat gapai merdeka andai kami semua punya alat yang modern dan canggih kami pasti kalah wahai jajah kami ingin punya negeri yang merdeka tahun tahun kami juang walau kami sudah tiada kami bangga karena negeri kami telah merdeka tetes darah kami untuk mu pertiwi,"['larik', 'majas', 'penggalan_puisi', 'puisi']"
perhati iklan ikut bahasa inggris mudah murah 500 ribu sedia tiga leve semua level gratis ulang loksi jalan pantai indah tanjung pinang kalimat opini iklan sebut tanda nomor 1 dan 2 2 dan 4 3 dan 4 3 dan 5,['teks_diskusi']
perhati ilustrasi ikut hari 17 agustus 2012 dea bahagia terima hadiah piala gubernur menang lomba baca puisi juara i tingkat smp se jakarta kalimat catat hari tepat sesuai ilustrasi sebut aduh betapa malu aku terima hadiah dan piala dari gubernur aku juara i lomba baca puisi antarsiswa aku terima hadiah dan piala dari gubernur karena menang lomba baca puisi se jakarta aku sangat senang terima ini semua aku menang lomba baca puisi sebagaijuara i tingkat smp se jakarta aku terima hadiah dan piala tanggal 17 agustus 2012 aku terima hadiah dan piala dari gubernur karena menang lomba baca puisi aku juara i tingkat smp se jakarta betapa bahagia aku,['teks_diskusi']
perhati ilustrasi ikut kepala sekolah beri mandat wakil laksana giat bakti sosial rangka sambut ramadhan wakil kepala sekolah tugas wali kelas informasi sebut siswa siswa isi pesan singkat tepat dasar ilustrasi sebut kepala sekolah tugas para wali kelas untuk laksana giat bakti sosial demi peduli hadap sama wali kelas harap menginformsikan kepada siswa supaya laksana bakti sosial untuk sambut bulan suci ramadhan kepala sekolah harap semua siswa turut sambut bulan suci ramdhan dengn ada bakti sosial wali kelas kumpul barang apa saja untuk sumbang kepada orang orang yang butuh bantu,['teks_diskusi']
perhati kalimat ikut bapak bapak seluruh ibu ibu hormat sekali baik kalimat paling efektif bapak bapak dan ibu ibu sekali yang kami hormat sekali para bapak bapak dan para ibu sekali yang kami hormat para bapak bapak dan ibu ibu yang sangat kami hormat bapak bapak dan ibu ibu yang kami hormat,['kalimat_efektif']
perhati kalimat ikut kalian kait orang sangkut bila tahu debat lebih jelas guna kata tepat ganti kata cetak miring kalimat sebut sambung bincang hubung soal tali bahas hampir selisih,['ulasan']
perhati kalimat ikut osis smp bina laksana program suluh tema tanggulang penyalahgunaan narkoba datang narasumber rua osis awal suluh rehan sampai pidato isi tuju giat sebut bagi pidato rehan sesuai ilustrasi sebut selamat pagi saya ucap kepada kepala sekolah narasumber bapak dan ibu guru dan teman teman yang telah hadir pada acara ini bapak ibu dan teman teman pertama tama kita panjat syukur hadirat allah yang telah beri nikmat kepada kita sehingga bisa laksana program ini teman teman yang saya sayang giat ini laksana dengan maksud agar kita bisa jaga diri tidak jerumus dan jebak dalam dunia narkoba teman teman sesuai dengan program yang telah pakat mari kita ikut giat ini moga teman teman bisa ambil hikmah,"['larik', 'majas', 'penggalan_puisi', 'puisi']"
perhati kalimat ikut selalu sarap pagi sakit perut olahraga baik kalimat efektif sebut tepat kami selalu sarap pagi agar tidak sakit perut ketika olahraga kami selalu sarap pagi supaya tidak sakit perut ketika olahraga ketika olahraga kami selalu sarap agar tidak sakit perut kami selalu sarap agar tidak sakit perut ketika olahraga,"['kalimat', 'kalimat_efektif', 'perbaikan_kalimat', 'ulasan_kalimat']"
perhati kutip berita ikut perhati hari buruh tanggal 1 mei 2009 isi aksi buruh salah satu isu angkat masalah tinggi timpang jamsostek sedia jamsostek hingga jauh harap 30 juta kerja sector formal indonesia daftar ikut jamsostek baru 9 juta orang kondisi tunjuk banyak usaha abai wajib perlu sosialisasi tindak tegas perintah usah abai jamsostek simpul isi baca sebut sudah saat perintah menudak tegas usaha yang abai jamsostek timpang jamsostek tunjuk ketidakpedulian perusahaanya hadap kerja masalah timpang jamsostek harus secepanya tangan oleh perintah jumlah serta jam jamsostek masih jumlah 9 juta dari 30 juta kerja,"['kalimat', 'kalimat_efektif', 'paragraf', 'perbaikan_kalimat', 'ulasan', 'ulasan_kalimat']"
perhati kutip cerpen ikut 1 batas nama sama nisa nisa 2 namub aku milik sifat pribadi beda jauh 3 bahkan aku milik milik buat ku rasa spesial jadi orang nisa 4 tak sedikit orang orang bahan dunia bangga sangat menyayangu mama tak kecuali aku bukti watak tokoh aku punya sifat sayang cerpen sebut tanda nomor 1 2 3 4,['cerpen']
perhati kutip cerpen ikut mama fati sangat pukul dengar penjelasana dokter fati idap kannker otak mampu ucap apa apa bibir pipi basah hart mohon murah tuhan ibu tegar fati tegar dokter nasehat lembut bibir getar tak mampu ucap cara arang gambar watak mama fati kutip cerpen sebut dialog antar tokoh tingkah laku tokoh cerita oleh arang ungkap oleh tokoh tokoh lain,['cerpen']
perhati kutip drama ikut lurah maling kau bawa kemari wongsokariyo kuat bawa sendiri pak lurah minta bantu tetangga mau berani lancang pak lurah lihat sendiri siapa maling lurah bawa kemari maling lekas wongsokariyo pak lurah apa malu lurah wongsokariyo maling nyata nyata adik lelaki pak lurah sendiri puntung m pudjadi amanat kutip drama sebut kita harus berani hadap risiko apa kita harus hormat kepada pimpin kita kita harus tetap waspada dalam segala situasi kita harus berani tunjuk benar,['teks_diskusi']
perhati kutip lapor ikut pukul 09 00 rombong istana kerpresidenan pukul 11 30 istana presiden baru buka masuk rombong lanjut mulai jajah isi kompleks presiden istana merdeka hadap taman monumen nasional monas istana negara hadap man veteran kalimat tepat lengkap lapor sebut kompleks ke istana presiden diri ata istana negara dan istana merdeka kunjung ke pusat perintah harus ikut atur sana wisata ke istana presiden buka tiap sabtu dan minggu saja siapa pun boleh dateng dari bayi sampai lanjutusia turis asing maupun domestik,['kalimat']
perhati kutip naskah drama ikut denting jam tengah malam tuk sujud ku agung asma mu mohon ampun mu larik majas tepat lengkap kuti an puisi sebut bangun diri dengar nyaring sebut nama mu tepat pukul tiga,"['larik', 'majas', 'penggalan_puisi', 'puisi']"
perhati kutip paragraf ikut 1 perintah cang program wajib ajar sembilan tahun beberapa tahun lalu 2 wajib ajar tuntut perhati semua pihak anak usia sekolah 3 arti anak anak usia 7 s 12 tahun liar kerja tinggal diurmah wajib sekolah 4 sekolah ajar bagai terampil kalimat dapat paragraph sebut tanda nomor 1 2 3 4,['paragraf']
perhati kutip paragraf ikut 1 perintah rencana program wajib ajar sembilan tahun beberapa tahun lalu 2 wajib ajar tuntut perhati semua pihak anak usia sekolah 3 artunya anak anak usia 7 s 12 tahun liar kerja tinggal rumah wajib sekolah 4 seko ajar bagai terampil kalimat dapat paragraf sebut tanda nomor 1 2 3 4,['paragraf']
perhati kutip puisi ikut 1 detak jarum jam 2 satu degup jantung 3 iring desah 4 dentang lonceng habis 5 awal datang ribu empat belas larik 1 4 puisi sebut guna citra asa aba lihat dengar,['puisi']
perhati kutip puisi ikut andai waktu lalu ingin sia sia tak lalu ingin sukses datang sapa larik majas paling tapat isi bagi rumpang puisi sebut ingin milik rasa rindu ingin selalu ingin kata tuju ingin ikhlas datang jemput ingin bahagia hidup,['puisi']
perhati kutip puisi ikut andai waktu lalu ingin sia sia tak lalu ingin sukses datang sapa pesan puisi sebut senang senang belum waktu lalu manfaat waktu yang lalu catat tiap waktu yang lalu jangan sia sia sukses hitung waktu,['puisi']
perhati kutip teks ikut parman keluh mahal biaya masuk sekolah anak banding kondisi didik kini beberapa tahun silam dulu sekolah mahal benar mau protes protes siapa tutur jual tahu goring jadi kerja hari hari parman jalan kusumanegara yogyakarta aktivitas dagang mulai pukul 17 00 21 00 hasil jual kumpul untung bersih rp 30 000 00 per hari uang selalu habis hidup hari hari kritik tepat atas sikap orang tua baca sebut keluh itu kurang baik yang penting tingkat hasil untuk keluarga orang tua perlu damping anak anak hingga mereka dewasa jual makan untuk biaya didik anak sangat lumrah orang tua dapat banding biaya didik antarsekolah,"['kalimat', 'kalimat_efektif', 'perbaikan_kalimat', 'ulasan', 'ulasan_kalimat']"
perhati pantun ikut rawa tatih tatih duduk menung tepi telaga jadi siswa rajin latih tamat siap kerja pantun jawab tepat pantun sebut mau ke mana gunung kejar sudah tinggi banyak dur terima kasih nasihat ajar tentu akan taat beli tikar puluh puluh pakau duduk dua dua pasti capai cita cita bilal ajar sungguh sungguh kerja keras cari uang uang dapat ibu ribu dari mana aku datang tidak perlu kamu tahu sukar sungguh jala teri kejar hilang terus lari ajar harus tiap hari untuk bekal nanti,"['larik', 'majas', 'penggalan_puisi', 'puisi']"
perhati pantun ikut tulis surat malam hari menang adik orang diri menanri ibu tak kunjung pulang tulis sendiri di atas meja malam gelap hitam pekat pakai kertas warna warna pakai klampu tengah terang,"['larik', 'puisi']"
perhati paragraf ikut 1 salah satu bagi sepeda motor penting ban 2 kendara seringkali kurang perhati 3 kurang perhati selamat selamat kendara tentu kondisi ban 4 kendara perlu memperhaitkan kondisi ban kala kalimat utama paragraph sebut dapat nomor 1 2 3 4,"['kalimat', 'kalimat_efektif', 'paragraf', 'perbaikan_kalimat', 'ulasan', 'ulasan_kalimat']"
perhati paragraf ikut bencana banjir lumpur akibat jebol tanggul situ gintung tangerang selatan timbul bagai macam sakit beberapa sakit timbul bencana diare tifus leptospirosis demam darah masalah keseharan korban masyarakat lokasi bencana antisipasi beberapa sakit muncul lingkung kotor sumber air bersih cemar lumpur pikir utama paragraph sebut masalah sehat pada korban harus perhati bencana banjir lumpur akibat jebol tanggul bencana banjir lumpur timbul bagai sakit beberapa sakit mincul karena lingkung kotor,"['kalimat', 'kalimat_efektif', 'paragraf', 'perbaikan_kalimat', 'ulasan', 'ulasan_kalimat']"
perhati paragraf ikut bencana banjir lumpur akibat jebol tanggul situ gintung tanggerangselatan menumbulkan bagai macam sakit beberapa sakit timbul bencana diare tifus leptospirosis demam darah masalah sehat korban masyarakat lokasi bencana antisipasi beberapa sakit muncul lingkung kotor sumber air bersih cemar lumpur gagas utama paragraf sebut masalah sehat pada korban harus di perhati bencana banjir lumpur akibat jebol tanggul bencana banjir lumpur timbul bagai sakit beberapa sakit muncul karena lingkung kotor,['paragraf']
perhati puisi ikut 1 dengar baru jerit 2 antar mimpi tani 3 damba bidang sawah 4 kini ubah 5 jadi rumah rumah mewah larik majas puisi sebut tanda nomor 1 dan 2 2 dan 3 3 dan 4 4 dan 5,"['larik', 'majas', 'penggalan_puisi', 'puisi']"
perhati puisi ikut andai waktu lalu pagi aku tatap larik majas persenifikasi tepat lengkap puisi sebut burung kicau daun hijau bunga bunga mekar embun pagi kilau bunga bunga senyum pada pohon pohin rayu tunggu tegur rumput tumbuh subur udara bersih tidak kandung kapur,['puisi']
perhati puisi ikut laut dadak ramai debur ombak seret angina 1 tengah samudra 2 buih tepi pantai 3 tambah indah suasana larik majas puisi sebut nomor 1 2 3 4,"['larik', 'majas', 'penggalan_puisi', 'puisi']"
perhati puisi ikut rasa hingga kini aku rasa rasa sendiri rasa bimbang rasa tak karuan suatu buat rasa lega puas senyum gembira moga sumber www puisipendek net jenis citra dapat larik puisi sebut lihat asa dengar cium,['puisi']
perhati puisi pantun ikut suka duka waktu bahagia waktu 1 masa tertawa masa 2 tetap cinta mu kata tepat lengkap kutip puisi sebut milik sama rima 1 gembira 2 duka 1 senang 2 bahagia 1 senang 2 gembira 1 derita 2 nestapa,"['larik', 'majas', 'penggalan_puisi', 'puisi']"
perhati tabel ikut tabel kunjung wisatawan asing candi borobudur tahun 2012 2014 no tahun asia amerika australia eropa afrika 1 2012 20 002 20 219 30 112 10 034 10 889 2 2013 20 394 20 325 30 200 10 675 10 234 3 2014 21 234 20 998 31 022 10 985 9 878 nyata yangs esuai tabel tersebuy wisatawan dari asia paling banyak kunjung ke candi borobudur dari tahun ke tahun wisatawan dari australia paling banyak kunjung ke candi borobudur dari tahun ke tahun wisatawan dari eropa paling banyak kunjung ke candi borobudur dari tahun ke tahun wisatawan dari amerika paling banyak kunjung ke candi borobudur dari tahun ke tahun,['paragraf']
perintah perlu laku reformasi pt usaha listrik negara pln pln monopoli pnyediaan listrik seru datang darikalangan usaha rasa pukul krisis listrik pihak swasta hendak milik bangkit bangkit listrik sendiri hendak beri mudah krisis listrik rugi konsumen atas rangkum baca sebut tepat krisis listrik sangat rugi para usaha hal ini sangat rugi konsumen perintah perlu informasi pln dan beri pihak swasta mudah izin perintah hendak mudah izin supaya rugi konsumen dapat atas usaha seru agar perintah laku reformasi pada pt usaha listrik negara,['teks_diskusi']
pisang emas bawa layar masak biji atas peti hutang emas hutang budi bawa mati kata tepat lengkap bagi rumpang puisi sebut tentang duduk desa tentang ketenagakejaan tentang duduk tentang sulit cari kerja,['puisi']
pundi pundi kas negara kini capai 156 triliun per 7 juli 2010 surplus apbn rupa gabung dapat sector paja tambah tari pinjam kemudian rang belanja meski surplus bukan bangga rendah serap belanja sebab fungsi anggar dorong ekonomi jadi kurang efektif dorong kualitas serap anggar tri uang tetap mekanisme reward and punishment arti lembaga serap anggar baik 2010 pagu anggar 2011 potong lambat serap anggar lama tunjuk serius perintah cari solusi bantu lancar serap anggar proses administrasi talu belit belit sederhana kalimat nyata fakta tajuk sebut tedapat kalimat pertama paragraf pertama kalimat tiga paragraf pertama kalimat dua paragraf dua kalimat tiga paragraf dua,['ulasan']
pupuk anorganik guna jangka panjang sebab jadi rusa fisik tanah unsur hara tanah hilang cuci lapis tanah lebih jangkau akar tanam pupuk anorgank potensi bahan cemar guna pupuk efisien lebih rupa tindak boros simpul teks berita sebut guna pupuk anorganik dapat timbul cemar lingkung dan tidak efisien guna pupuk anorganik cara panjang akibat buruk bidang tani guna pupuk anorganik cara lebih dapt hilang unsur hara tanah guna pupuk anorganik dapat sebab rusa fisik tanah dan tidak efisien,['ulasan']
rembulan rembulan kau jalan atas bumi pertiwi sinar agung saat temu malam hari larik majas lengkap puisi sebut dia manfaat sekali rembulan sari bumi cahaya sinar terang engkau senyum pada,"['larik', 'majas', 'penggalan_puisi', 'puisi']"
saat berfikir kritis sikap kritis hidup lebih dinamis sifat rutin semua proses akan jalan kritis memang benar benar sikap perlu informasi temu wacana atas kita harus lihat sikap kritis pada tiap untuk maju proses sikap kritis akan jalan pada tiap orang berfikir kritis hanya milik oleh bagai orang berfikir kritis dapat buat hidup dinamis,['teks_diskusi']
salah satu syarat penuh tulis berita ialah objektif arti berita yang tulis harus sesuai dengan jadi yang benar berita yang tulis tidak pihak berita yang tulis dapat percaya berita yang tulis rupa fakta dan nyata,['teks_diskusi']
sampai pesan masyarakat bangga guna bahasa indonesia baik sampai buah pesan lalu reklame iklan poster slogan,['teks_diskusi']
senja kelabu mentari sembunyi balik awan pohon enggan gerak larik majas lengkap bait puisi sebut satwa giring ke kandang burung diam bisu dahan mulai mongering camar bangan,"['larik', 'majas', 'penggalan_puisi', 'puisi']"
sepeda milik magnet banyak orang bukan anak anak gari sepeda remaja orang dewasa usia produktif hingga orang orang anjak tua senang sepeda bahkan kini sepeda susdah jadi bagi gaya hidup masyarakat kota simpul isi paragraf sebut sepeda dapat jumpa di mana sepeda bagai alat transportasi modern sepeda manfaat bagikeselamatan masyarakat sepeda gari oleh bagai lapis masyarakat,['teks_diskusi']
sepi luar sepi tekan desak kaku pohon tak gerak puncak suasana puisi sebut hening takut haru sedih,['puisi']
sepi luar sepi tekan desak kaku pohon tak gerak puncak tema kutip puisi sebut tekan derita sunyi kaku,['puisi']
siang tadi hari panjang usai bel sekolah dentang aku langsung pulang makan siang sedikit lalu pergi studio music sore pulang pulang aku langsung marah ibu aku diam apa kamu tak ingat berapa jam waktu kamu sia sia tanya ibu nada tinggi aku tunduk lesu aku ingat kata kata sebut ibu kata benar aku sia nyiakan banyak waktu main hirau khawatir ibu aku rasa sangat dosa ibu aku jadi anak durhaka konflik dapat panggil cerita atas konflik batin konflik ide konflik fisik konflik sosial,['ulasan']
singa rupa raja rimba hutan kalimat sebut kandung majas metafora personifikasi ironi paradoks,['majas']
soal ibu maaf ganggu apa lihat samsudin hani samsudin ibu anak hani si sam apa ibu sejak siang pulang padahal makan siang mandi sore sekarang saat makan malam pulang hani apa tadi habis marah didi tadi main lapang bu suasana gambar kutip drama sebut cemas sedih cekam takut,['teks_diskusi']
tabrak mobil mitsubishi l300 nopol h1813 kb parkir nopol dk 8296 ma jalur pantura jalan jendral sudirman kabupaten batang selasa 14 oktober 2013 sebab korban tewas lokasi jadi dua korban tewas tumpang mobil mitsubshi layung suryadi 26th warga jalan genah renah rt 05 rw 05 camat pedurungan semarang agung setiadi selaku kemudi mobil 20th warga genah renah tengah rt 02 rw 02 pedurungan semarang dua korban sebut layung suryadi dan agung setiadi agung setiadi dan oded marka irvan dan hedi tartiana agung laksamana dan indra gumbira,['ulasan']
tabrak mobil mitsubishi l300 nopol h1813 kb parkir nopol dk 8296 ma jalur pantura jalan jendral sudirman kabupaten batang selasa 14 oktober 2013 sebab korban tewas lokasi jadi dua korban tewas tumpang mobil mitsubshi layung suryadi 26th warga jalan genah renah rt 05 rw 05 camat pedurungan semarang agung setiadi selaku kemudi mobil 20th warga genah renah tengah rt 02 rw 02 pedurungan semarang tabrak mobil mitsubishi truk parkir jadi hari selasa 14 oktober 2009 di batang kabupaten semarang hari selasa 14 oktober 2012 di jalan jenderal sudirman kabupaten batang hari selasa 14 oktober 2013 di jalan jenderal sudirman kabupaten batang hari selasa 14 oktober 2013 di pantura jalan jenderal sudirman di batang,['ulasan']
tadi pagi aku ngamuk rasa amukanu terdasyat panjang sejarah kesel banget sumber yah siapa kalau bukan si ijah bantu baru suka bikin takjub orang rumah bayang makalah wira tengah mati buat enak buang tempat sampah tahu betapa besar korban buat makalah tiga malam nyaris tidur bahkan sinetron minggu malam nanti hadir kali paksa aku cuekin eh tahu tahu hasil kerja keras lempar tempat sampah gimana aku kesal biar kamar beranta kaya kapal pecah apa apa asal kertas kertas harga aman ijah ijah kamu kira gampang bikin makalah gampang bikin sambal terasi tokoh ijah kutip cerpen sebut tahu cara dialog antartokoh cerita tokoh lain cerita arang lukis tindak,"['cerpen', 'kalimat', 'kalimat_efektif', 'perbaikan_kalimat', 'ulasan', 'ulasan_kalimat']"
tahu tulis masalah polusi tangan optimal 1 2 3 4 bagi kalimat hilang kalimat efektif 1 2 3 4,"['kalimat', 'kalimat_efektif']"
teks 1 wajah cantik tubuh aduhai lebih jadi senjata tenis rusia maria sharapova untukk karier dunia fashion tampak sharapova ratus persen tarik dunia fashion padahal dunia glamor dapat pasu luar biasa tetap bersikukuh gelut dunia tenis teks 2 selalu energik optimis kilas tampak sosok noviantika nasution percaya jadi orang nomor satu induk basket tanah air periode 2006 2010 novi pesimis padahal prestasi olahraga indonesia masuk basket tahun puruk sama informasi bahas dua teks sebut dunia mode dan wanita wanita dan olahraga hobi dan dunia mode cantik wanita dan hobi,['teks_berita']
teks berita 1 perintah provinsi dki jakarta mulai sertifikasi sehat unggas sama bagai lokasi besar rp 3 miliar anggar sertifikasi proses sertifikasi unggas hias tanda periksa 11 unggas milik gubernur dki rumah dinas teks berita 2 burung unggas milik gubernur sutiyoso hari gilir burung unggas menteri kompleks widya chandra laku periksa sehat dapat sertifikat sehat tugas datang diam aburizal burung periksa burung nuri kepala hitam beda saji dua teks sebut teks berita 1 siapa berapa bagaimana teks berita 2 kapan bagaimana apa teks berita 1 siapa di mana berapa teks berita 2 kapan di mana siapa teks berita 1 apa berapa kapan teks berita 2 mengapa bagaimana siapa teks berita 1 apa kapan berapa teks berita 2 mengapa apa siapa,['teks_berita']
teks berita 1 perintah thailand akhir perintah pm guling thaksin shinawatra pulang negara perintah turun susul segera mula sidag korupsi jadi thaksin istri pojaman dakwa teks berita 2 jadi buron perintah thailand asing diri luar negeri nama thaksin sinawatra terus sebut kait lidi kasus korupsi biro selidik khusus polisi dsi thailand selasa 19 6 buat nyata kejut perintah mantan pm thailand segera pulang beda saji dua teks berita sebut teks 1 apa kapan di mana teks 2 apa siapa bagaimana teks 1 siapa mengapa kapan teks 2 mengapa bagaimana kapan teks 1 apa di mana bagaimana teks 2 apa bagaimana siapa teks 1 siapa apa bagaimana teks 2 mengapa siapa bagaimana,"['kalimat', 'kalimat_efektif', 'perbaikan_kalimat', 'teks_berita', 'ulasan', 'ulasan_kalimat']"
teks berita 1 perintah thailand akhir perintah pm guling thaksin shinawatra pulang negara perintah turun susul segera mula sidag korupsi jadi thaksin istri pojaman dakwa teks berita 2 jadi buron perintah thailand asing diri luar negeri nama thaksin sinawatra terus sebut kait lidi kasus korupsi biro selidik khusus polisi dsi thailand selasa 19 6 buat nyata kejut perintah mantan pm thailand segera pulang sama informasi dua teks berita sebut perintah thailan akan mulai sidang kasus korupsi thaksin shinawatra lidi khusus polisi pulang paksa mantan pm thailand mantan pm thailand perintah segera pulang karena dakwa korupsi pm thailand perintah segera pulang ke negara thailand karena dapat ampun,"['kalimat', 'kalimat_efektif', 'perbaikan_kalimat', 'teks_berita', 'ulasan', 'ulasan_kalimat']"
tema ajar tentu masa depan cerah rumus masalah tepat karya tulis sesuai tema sebut mengapa cerah masa depan ada pada ajar yang rajin dapar rajin ajar ubah dan tentu masa depan ajar yang bagaimana yang dapat tentu masa depan yang cerah apakah ajar yang rajin itu mampu ubah masa depan jadi cerah,"['larik', 'majas', 'penggalan_puisi', 'puisi', 'ulasan']"
vitamin hasil antioksidanyang tangkal radikal bebas radikal bebas udara bersih hirup organ nafas makin tinggi reaksi antiosidan sendiri makin banyak polusi masuk tubuh vitamin rusa akibat radikal bebas cegah lambat proses tua kulit simpul paragraf sebut tepat konsumsi vitamin a cara atur dapat sehat tubuh radikal bebas adalah udara tidak bersih yang hirup oleh organ nafas kita makin tinggi reaksi antioksidan makin banyak polusi yang masuk ke dalam tubuh rusa pada tubuh akibat radikal bebas dapat cegah dengan mongonsumsi vitamin,['paragraf']
wawan dik beres masalah denga dim sidik ah bodo wan emang dihabisin wawan lho gimana sih bicara baik baik denganny kan teman kan sidik mau sih gitu kayak keras kepala wawan ah engga asal kamu paham karakter sidik pokok tegas apa jadi sudahs siap wawan jangan dik nyaman damai sama kawan bukankah tahun depan uji nasional tentu masa depan sidik seet bu ani datang ayo masuk kelas sebentar latar peristiwa cakap dua siswa kutip teks sebut sore hari dalam kelas di depan kelas saat pulang sekolah siang hari di depan kelas dalam kelas dan saat ajar,"['kalimat', 'kalimat_efektif', 'perbaikan_kalimat', 'ulasan', 'ulasan_kalimat']"
yanti percaya guru guru perlu erti apa pikir butuh gelisahka hari dar tempa rumus rumus hafal melulu yanti pergi tatap terus ikut pergi tinggal asdi asdiarti balik lalu keluar lalu luar kelas lari teriak asdiarti yanti yanti tunggu amanat penggal drama sebut jangan paksa hendak kepada orang lain tidak ada yang bisa baca pikir kita siswa tidak hanya butuh ajar hendak kita tidak mudah bawa arus,['teks_diskusi']
yogyakarta kota hati nyaman cinta bersih buang sampah kali larik tepat lengkap pantun sebut itu slogan indah sekali kendara jalan hati hati pergi ke pasar beli roti tinggal di tempat yang aman,['larik']
yth gumilang jalan yos sudarso no 37 surabaya salam kangen banyumas aku ada segar sehat bulan aku pindah banyumas kamu pernah libur sibuk tugas sekolah aku sekali bagi cerita dulu kalimat buka tepat awal surat pribadi sebut hai apa kabar gum bagaimana kabar bapak dan ibu di sana aku harap sehat sehat selalu saya akan memberitahukan pada gumilang bahwa sekolah di banyumas beda dengan surabaya dengan datang surat ini aku akan abar ada sehat sehat saja sama surat ini aku akan cerita tentang sekolah di smp banyumas,"['kalimat', 'kalimat_efektif', 'perbaikan_kalimat', 'ulasan', 'ulasan_kalimat']"
yth urus osis smp layang pandang bandar sakti hormat rekan rekan urus sos smp layang pandang hadir acara rapat selenggara hari tanggal rabu 10 februari 2005 waktu 13 30 wib tempat sekretaris osis smp layang pandang acara bentuk panitia lomba temu teknolgi sederhana atas hadir rekan rekan ucap terima kasih kalimat tepat isi bagi awal surat dinas sebut kami harap sedia harap kami bahwa untuk hadir acara dengan segala senang hati,"['kalimat', 'kalimat_efektif', 'perbaikan_kalimat', 'ulasan', 'ulasan_kalimat']"
