teks,topik
indonesia habibie jadi menteri negara ristek kepala bppt lama 20 tahun ketua ikat cendekiawan muslim indonesia icmi pimpin usaha bumn strategis pilih jadi wakil presiden ri jadi presiden ri 3 soeharto mundur tahun 1998 cuplik atas masuk masa kecil tokoh sengsara tokoh asil tokoh gagal tokoh,biografi
ki hajar dewantra aktif organisasi sosial politik tahun 1908 aktif seksi propaganda boedi oetomo tanggal 25 desember 1912 diri indische partij sama douwes dekker dr cipto mangoenkoesoemo organisasi tolak perintah belanda alas ialah anggap sanggup bangkit rasa nasionalisme rakyat gera satu tentang perintah kolonial belanda semangat ki hajar dewantara terus gebu bulan november 1913 bentuk komite bumipoetra komite boemipoetra lancar koreksi perintah belanda raya ratus tahun bebas belanda jajah prancis tarik unik uang rakyat jajah sifat apa teladan tokoh ki hajar dewantara komitmen sanggup bangkit rasa nasionalisme terima jajah masuk indonesia punya semangat tinggi,biografi
nyata bawah mana masuk nyata tepat kena teks biografi teks risi jadi jadi suatu daerah teks cerita asal usul suatu tempat teks risi riwayat hidup orang tulis diri sendiri teks risi riwayat hidup orang tulis orang,biografi
apa manfaat baca teks biografi dapat informasi gagal tokoh harga dapat orang teladan karakter tokoh tahu lemah tokoh,biografi
isi rangkai peristiwa susun kronologis urut waktu liput jadi jadi utama alami sang tokoh sebut interpretasi orientasi jadi masalah reorientasi,biografi
ikut masuk struktur teks biografi interpretasi orientasi inti nilai,biografi
teks biografi sifat deskriptif nonfiksi apa arti deskriptif nonfiksi jelas nyata jelas nyata sebut nyata sebut nyata,biografi
teks biografi isi informasi sifat faktual saji bentuk argumentasi deskripsi persuasif lisan,biografi
tanggal 21 april ingat hari kartini tanggal sebut rupa tanggal mana r kartini diri sekolah tanggal sebut rupa tanggal wafat r kartini tanggal sebut rupa tanggal lahir r kartini tanggal sebut rupa tanggal terbit buku r kartini,biografi
bawah rupa ciri ciri teks biografi 1 cerita jalan hidup orang 2 sifat deskriptif nonfiksi 3 cerita suatu fenomena ilmu tahu 4 isi suatu argumen tulis 5 diri orientasi jadi peristiwa reorientasi ciri ciri atas mana masuk ciri ciri teks biografi 1 4 5 1 2 5 2 4 5 1 2 3,biografi
ikut unsur bahasa teks biografi mana masuk kata sifat ajar pandai baca renang,biografi
j habibie salah orang tokoh panutan jadi bangga banyak orang indonesia beliau presiden tiga republik indonesia nama gelar lengkap prof dr hc ing dr sc mult bacharuddin jusuf habibie beliau lahir pare pare sulawesi selatan tanggal 25 juni 1936 beliau rupa anak empat delapan saudara pasang alwi abdul jalil habibie ra tuti marini puspowardojo habibie meni hasri ainun habibie tanggal 12 mei 1962 karunia orang putra llham akbar thareq kemal cuplik teks biografi atas masuk orientasi jadi masalah interpretasi reorientasi,biografi
aktivitas soekarno pni sebab sehingga tangkap kemudian masuk penjara suka miskin bulan desember 1927 la kenal belanda orang tahan mampu hasut orang berfikir merdeka la kemudian anggap cukup bahaya belanda soekarno bebas bulan desember 1931 soekarno muncul pledoinya judul indonesia gugat la ungkap bangsa belanda bangsa serakah tindas rampas merdeka bangsa indonesia pledoi buat belanda makin marah pni bentuk soekarno bubar bulan juli 1930 cuplik teks atas masuk interpretasi reorientasi jadi masalah orientasi,biografi
usia 14 tahun orang kawan ayah nama oemar said tjokroaminato ajak soekarno tinggal surabaya sekolah hoogere burger school h s lulus tahun 1920 la lanjut technische hoge school sekarang jadi itb bandung la kenyam didik sana lama 6 tahun kemudian dapat gelar insinyur tanggal 25 mei 1926 cuplik teks atas masuk riwayat didik tokoh gagal tokoh karir tokoh masa kecil tokoh,biografi
riwayat hidup orang tulis diri sendiri sebut jadi masalah autobiografi biografi orientasi,biografi
jelas kena reorientasi struktur teks biografi isi komentar evaluatif nyata simpul kena rangkai peristiwa cerita belum isi rangkai peristiwa susun kronologis urut waktu liput jadi jadi utama alami sang tokoh gambar awal tokoh laku teks biografi umum isi suatu dongeng tampil tokoh binatang per utama,biografi
apa kamu tahu r kartini orang jajah belanda orang pahlawan bantu rebut hak hak wanita indonesia orang mudah serah orang pahlawan milik wawas tinggi,biografi
nama lengkap j habibie bastian jusuf habibie bachtiar jimie habibie bara jama habibie bacharuddin jusuf habibie,biografi
gambar awal tokoh laku teks biografi umum sebut interpretasi orientasi reorientasi jadi masalah,biografi
apa juluk ki hajar dewantara bapak proklamator indonesia ayam jantan timur sair indonesia bapak didik indonesia,biografi
ikut masuk unsur mentas drama main tonton panggung naskah,drama
mana kau badrun hari petang kau baru pulang tanya ayah kacak pinggang dialog atas ucap nada keras canda penuh kasih sayang marah serius rendah penuh tanya,drama
harsono marah kau lihat taruh mana mata kerja maaf tuan lihat tuan dasar penggal atas watak harsono maaf rasa peduli marah,drama
inu tenang jati apa apa jati enak senang buat orang menang inu jati tangis duka jati jelas tampak derita inu tampak derita sama nyata nyata derita kan kutip tangis p harianto suasana gambar cuplik drama sebut khawatir sedih gembira takut,drama
1 jadi sikap angkuh orang sukses kaya hadap pemuda kere macam aku 2 pimpin buah bank papan atas negeri mungkin tak rela hati anak gadis pacar 3 jadi wajar lihat suka hadap 4 tampang keren kayak aktor nicholas saputra wajah mawar memang cakep 5 kamu sendiri bilang mawar mirip dian sastro bodi semampai macam luna maya padahal turut mawar lebih mirip nyanyi suka mulan jamila bukti watak tokoh kutip cepen sebut sombong letak kalimat nomor 1 2 4 5 2 3 3 4,drama
samin fred jangan cepat cepat bahaya fredi alaa malam begini sepi tak apa samin susul tarik mundur samin henti dulu fredi ah lebih cepat alamat kan lebih baik samin ingat aku bawa surat penting fredi justru samin pokok henti fred aku mau ambil risiko tangkap belanda fredi baik min kau yagn pegang komando konflik dapat penggal drama atas jadi tengkar sarmin fred ingin henti istirahat rebut pegang komando tugas khawatir selamat surat penting,drama
romeo tunjuk cinta gaib satu aku hadap cinta dapat taruh segala aku orang montague juliet aku orang capulet punya nama biar aku jadi bukan capulet kau bukan montague romeo tema sirat penggal drama atas percaya musuh cinta sahabat,drama
fenita kamu tentu sikap pilih aku sekarang verri beri aku sempat sekali fenita perlu basa basi kalau aku putus titik penggal dialog atas tunjuk drama bagi resolusi komplikasi selesai orientasi,drama
perhati teks drama ikut elis datang ruang pak apa pak kakek mana ari adi sore begini rumah elis main pak tadi bawa motor kakek aduh elis bagaimana besar anak jadi apa cucu kelak elis sudah pak kan adi ari biasa naik motor kakek kau suami manja smp hak punya sim elis biar masa kecil senang pak dulu kakek aduh lis cara didik anak salah sikap elis anak cakap sebut sayang manja bijaksana tegas,drama
satilawati kecut sedikit serang kritik orang engkau hendak lari diri jaga nama jangan merosot aku maklum ishak tunjuk luar pergi daripada engkau musuh aku cita cita aku sedia korban segala cinta watak tokoh ishak penggal drama atas marah bual sombong berani,drama
kalimat teks drama tulis kurung dialog akting sebut kramagung wawancang pantomim monolog,drama
perhati kutip naskah drama ikut rina apa apa sih kok poster sobek tahan marah aji rina maaf maaf enak aji sesal lya deh aku ganti poster kamu mau maafin aku kan rina kali kamu jangan ceroboh aji senyum oke bos dialog tepat lengkap bagi rumpang kutip drama sebut kok kamu marah rin maafin aku aji aku sengaja baik aku beli baru maafin aku rina aku sengaja,drama
peristiwa mulai jadi masalah antartokoh puncak sebut bagi alur drama komplikasi amanat resolusi klimaks,drama
dahlan kamis malam jumat jumat apa rosana malam jumat kliwon pak bukankah hari lahir ibu jatuh hari jumat kliwon dahlan beutl ibu waktu mau tinggal kurang satu minggu tanda tanda nasihat nasihat harga masa hidup banyak tinggal kesan teladan lemah rosana kelamahan memang manusia sempurna dahlan jangan turun anak cucu ibu sakit sakit banyak pikir ikut ikut orang jual beli hias barang hilang ibu gigit jari tanggung hutang siapa kalau bukan bapak turun tangan rosana bukankah diri bapak lemah dahlan apa bapak rasa tongkat jatuh kemudian pungut rosana maaf pak ibu tambah sakit akibat bapak sering mabuk judi bukan ros ingat barang barang rumah lelang habis jual dahlan akibat buat ibu tahu keras serakah mau menang sendiri mudah mudah alam pahit miskin ulang pesan amanat kandung penggal drama atas anak patuh orang tua sifat serakah suka judi buat orang hancur nasib manusia tentu tuhan sifat buruk turun anak,drama
tokoh baik selalu ada pihak benar segani tonton figuran trigonis antagonis protagonis,drama
baca penggal teks berita ikut bulus ukur jumbo temu warga lokasi terowongan kuno temu dusun samber desa sabrang lor camat trucuk klaten jawa tengah kira usia 100 tahun kira dasar ukur hewan sebut cukup besar berat 20 kg sumber solopos com 7 9 2021 tanya jawab dapat isi penggal teks berita atas siapa kira berat bulus jumbo bulus jumbo sebut usia 100 tahun kapan warga temu bulus jumbo siapa temu bulus jumbo,teks_berita
struktur teks berita urut ekor berita badan berita kepala berita badan berita ekor berita kepala berita ekor berita kepala berita badan berita kepala berita badan berita ekor berita,teks_berita
salah satu unsur bahasa teks berita kalimat buka tubuh berita kepala berita kalimat langsung,teks_berita
teks berita sifat faktual apa maksud faktual dasar asumsi sifat subjektif isi aja dasar nyata,teks_berita
informasi tambah sifat kurang penting teks berita biasa letak bagi badan berita teras berita kepala berita ekor berita,teks_berita
baca penggal teks berita ikut perintah kabupaten karanganyar lalu dinas sehat dinkes siap 20 000 dosis vaksin covid 19 sinovac vaksinasi khusus ajar sumber solopos com 8 9 2021 pokok masalah teks berita sebut dinas sehat karanganyar siap 20 000 dosis vaksin covid 19 sinovac beri ajar dinas sehat karanganyar terima 20 000 dosis vaksin covid 19 sinovac beri ajar dinas sehat karanganyar rencana beli 20 000 vaksin covid 19 sinovac beri ajar dinas sehat karanganyar beri vaksin covid 19 sinovac 20 000 ajar,teks_berita
tulis berita paling penting berita isi sifat provokatif berita sesuai nyata berita isi bohong berita lucu buat baca tertawa,teks_berita
tulis berita laku guna struktur 5 w 1 h piramida balik akibat umum khusus,teks_berita
apa maksud teks berita teks fungsi media promosi suatu barang jasa teks isi gambar suatu objek guna bahasa jelas perinci teks isi jelas suatu proses jadi susun sistematis teks isi informasi masyarakat suatu peristiwa aktual faktual,teks_berita
baca penggal teks berita ikut bulus ukur jumbo temu warga lokasi terowongan kuno temu dusun samber desa sabrang lor camat trucuk klaten jawa tengah kira usia 100 tahun kira dasar ukur hewan sebut cukup besar berat 20 kg sumber solopos com 7 9 2021 unsur berita cantum teks berita atas siapa apa,teks_berita
ikut bukan masuk ciri berita diksi tepat ambigu urai panjang struktur bahasa tepat mudah erti tarik perhati,teks_berita
simulasi laku kelola mulai pukul 10 00 wib hingga pukul 11 00 wib kutip teks berita sebut kandung unsur siapa kapan,teks_berita
baca penggal teks berita ikut hari akhir warga tepi sungai bengawan solo anak sungai bengawan solo kota solo jawa tengah saksi fenomena bladu muncul ikan ikan huni sungai muka teler mabuk sumber solopos com 7 9 2021 unsur unsur susun teks berita atas rurut kapan siapa apa bagaimana kapan siapa apa kapan siapa apa bagaimana kapan siapa apa,teks_berita
teks isi informasi masyarakat suatu peristiwa aktual faktual sebut teks sajak teks puisi teks berita teks pantun,teks_berita
baca penggal teks berita ikut bulus ukur jumbo temu warga lokasi terowongan kuno temu dusun samber desa sabrang lor camat trucuk klaten jawa tengah kira usia 100 tahun kira dasar ukur hewan sebut cukup besar berat 20 kg sumber solopos com 7 9 2021 topik teks berita atas sebab bulus jumbo temu lokasi terowongan kuno dusun samber sabrang lor trucuk klaten umur 100 tahun umur bulus jumbo temu lokasi terowongan kuno dusun samber sabrang lor trucuk klaten alas temu bulus jumbo lokasi terowongan kuno dusun samber sabrang lor trucuk klaten temu bulus jumbo lokasi terowongan kuno dusun samber sabrang lor trucuk klaten,teks_berita
dahlan kamis malam jumat jumat apa rosana malam jumat kliwon pak bukankah hari lahir ibu jatuh hari jumat kliwon dahlan betul ibu waktu mau tinggal kurang satu minggu tanda tanda nasihat nasihat harga masa hidup banyak tinggal kesan teladan lemah rosana lemah memang manusia sempurna dahlan jangan turun anak cucu ibu sakit sakit banyak pikir ikut ikut orang jual beli hias barang hilang ibu gigit jari tanggung utang siapa kalau bukan bapak turun tangan rosana bukankah diri bapak lemah dahlan apa bapak rasa tongkat jatuh kemudian pungut rosana maaf pak ibu tambah sakit akibat bapak sering mabuk judi bukan ros ingat barang barang rumah lelang habis jual dahlan akibat buat ibu tahu nada keras serakah mau menang sendiri mudah mudah alam pahit miskin ulang pesan amanat kandung penggal drama atas nasib manusia tentu tuhan sifat serakah suka judi buat hidup hancur anak patuh orang tua sifat buruk turun anak,teks_drama
bawah rupa struktur teks drama epilog prolog dialog monolog,teks_drama
ikut salah satu tugas orang sutradara ubah jalan cerita rias main ganti main peran ganti pilih tentu main,teks_drama
perhati kutip drama ikut kuk sedang tidur atas ranjang layar buka lampu nyala suasana gambar subuh tuju fajar cahaya makin terang kuk makin jelas baring atas ranjang drama kutip atas rupa tahap prolog monolog dialog epilog,teks_drama
karya sastra tulis bentuk dialog punya maksud tampil buah tunjuk peran aktor rupa erti cerpen cerita rakyat legenda drama,teks_drama
buah tunjuk sama drama main suara bantu narator sebut sendratari tablo lakon tonil,teks_drama
cakap orang lebih buah drama sebut dialog prolog epilog monolog,teks_drama
inu tenang jati apa apa jati enak senang buat orang menang inu jati tangis duka jati jelas tampak derita inu tampak derita sama nyata nyata derita kan kutip tangis p harianto suasana gambar cuplik drama sebut gembira takut khawatir sedih,teks_drama
baca kutip drama ikut malam kamar orang gadis kecil nama kasih tidur atas tempat tidur sulit tidur luar udara buruk suara kendara sangat bising unsur kandung kutip drama sebut latar amanat watak tema tokoh tema latar tokoh,teks_drama
brilian sekarang serah hp kalian minta uang tebus dorong mi masuk mi ka ka bawa hp gugup brilian periksa kantong timmy siap bos periksa kantong markus gak tempat apa mata melotot timmy ruang simpan perkakas bekas raba kantong si anak bos hpnya keluar hp n95 markus tanya nomor hp orang tua hubung minta tebus timmy siap bos latar kutip sebut ruang tamu gudang kamar rumah,teks_drama
tulis kalimat langsung benar bu silmi ujar kali sedia payung hujan rasa memang tahu diri kata pak ikmal ada sedia bantu tanya kak salwa pak fajri tanya siapa minum kopi malam,teks_drama
doni peran orang tokoh buah drama la bawa cangkul pakai caping tokoh peran doni tani dagang nelayan bantu,teks_drama
jenis drama gabung cerita sedih lucu sebut tragedi tragikomedi melodrama komedi,teks_drama
cermat kutip drama ikut ani maaf buku harga berapa bang jual buku mana ani buku pegang satu buku cukup tebal jual rp89 000 00 ani wah mahal bang jual drama sebut golong struktur bagi komplikasi klimaks resolusi orientasi,teks_drama
kata drama ambil bahasa yunani draomai arti pura pura ajar tindak perhati,teks_drama
kalimat tunjuk ciri poster kata kata guna singgung pihak umum tawar barang jasa isi inspirasi motivasi lengkap gambar foto ilustrasi,teks_iklan
slogan cocok tema didik ajar hari sukses hari esok selamat bumi selamat generasi jangan biar prestasi hilang tel sampah lingkung bersih alam lestari hidup tata rapi,teks_iklan
apa erti poster kata pendek kalimat pendek inspirasi motivasi sifat pemberitahuan kena barang jasa tuju bujuk khalayak tarik barang jasa tawar upa plakat pasang tempat umum kata kata guna singgung pihak,teks_iklan
jual tnp antara tnh karangasem solo 600 m2 hrg 180 jt nego hub bp puguh 089530303030 iklan atas tawar rumah ruko tanah hotel,teks_iklan
plakat pasang tempat umum upa umum iklan sebut slogan layan poster umum,teks_iklan
jurus jitu tembus ptn kalimat sebut masuk jenis teks iklan poster slogan hiperbola,teks_iklan
poster isi tulis serta bunyi suara tawar gambar,teks_iklan
baca ilustrasi bawah cermat keluarga tak pernah ganti jaga selalu ibu bapak kakak maupun adik adik laku baik tak sesal kemudi hari kalimat slogan sesuai ilustrasi sebut keluarga tak kan ganti jaga semua anggota keluarga jaga sayang perhati keluarga harta keluarga,teks_iklan
rupa contoh poster manis marjan kaya rasa sayang buah hati imunisasi campak rubela mr datang ajar pulang bawa ilmu cinta usus,teks_iklan
rapi indah kalimat atas masuk umum iklan slogan poster,teks_iklan
perhati iklan ikut 1 klik quick com 2 siap antar langsung 3 barang aman tuju 4 no hp 0831131313131 5 senang tenang gegas puas kalimat nyata slogan teks atas letak kalimat nomor 1 5 3 5 1 2 3 4,teks_iklan
unsur iklan dasar sarana sampai iklan sebut sumber media efek pesan,teks_iklan
unsur iklan upa orang organisasi beri dana pasang iklan sebut sumber media terima pesan,teks_iklan
kata kata guna slogan hendak sifat argumentatif provokatif persuatif deskriptif,teks_iklan
kalimat nyata iklan tawar flowerdent herbal sehat gigi bayar pajak bukti cintah tanah air guna media sehat selamat bumi,teks_iklan
nyata nyata sembelumnya biasa tanda ungkap ungkap demikian rupa erti struktur teks persuasif bagi kenal isu tegas nyata aja rangkai argumen,teks_persuasif
baca kalimat ikut seksama air jeruk rupa senyawa asam lemah sehingga hasil reaski gelembung yang sedikit dan ada nyala lampu kata hubung yang guna dalam kalimat sebut yang sehingga dan rupa yang dan dalam sehingga rupa rupa dalam sehingga,teks_persuasif
perhati paragraf teks ikut hutan rupa paru paru dunia ada hutan hidup bumi pohon pohon hutan hari produksi oksigen sangat butuh nafas hutan tak selamat tebang liar bakar cepat lambat pohon pohon hutan habis sebut dampak langsung hidup makhluk hidup temasuk diri hutan habis tak pohon hasil oksigen nafas lalu bagaimana hidup mari sama sama kampanye program one man one tree satu orang wajib tanam minimal satu pohon selamat lestari jaga hutan ada masa depan anak cucu teks persuasi sebut beri informasi aja baik lingkung daerah pantai rusak akibat abrasi laku reboisasi hutan mangrove rusa hutan akibat factor alam gempa bumi aja jaga lingkung hidup hidup sehat menentramkan dampak rusa hutan isi aja tanam pohon langsung hidup makhluk hidup tetap jaga,teks_persuasif
sebab orang alami ganggu cerna pola makan atur misal sering lambat makan kurang konsumsi sayur buah kurang perhati gizi makan salah satu upaya jaga salur cerna tetap sehat makan pola makan sehat imbang tuju teks sebut bujuk baca biasa pola hidup sehat beri tahu kena gizi makan beri informasi kena ganggu cerna jelas sebab ganggu cerna,teks_persuasif
struktur teks persuasi kenal isu nyata aja rangkai argumen tegas nyata aja kenal isu rangkai argumen tegas kenal isu rangkai argumen nyata ajal tegas rangkai argumen nyata aja kenal isu tegas,teks_persuasif
perhati paragraf teks ikut hutan rupa paru paru dunia ada hutan hidup bumi pohon pohon hutan hari produksi oksigen sangat butuh nafas hutan tak selamat tebang liar bakar cepat lambat pohon pohon hutan habis sebut dampak langsung hidup makhluk hidup temasuk diri hutan habis tak pohon hasil oksigen nafas lalu bagaimana hidup mari sama sama kampanye program one man one tree satu orang wajib tanam minimal satu pohon selamat lestari jaga hutan ada masa depan anak cucu teks persuasi sebut beri informasi dampak rusa hutan isi aja tanam pohon langsung hidup makhluk hidup tetap jaga aja baik lingkung daerah pantai rusak akibat abrasi laku reboisasi hutan mangrove rusa hutan akibat factor alam gempa bumi aja jaga lingkung hidup hidup sehat menentramkan,teks_persuasif
topik guna pupuk organik tuju ajak masyarakat guna pupuk organik kalimat argumen tepat dasar topik sebut tani indonesia guna pupuk organik lebih murah mari dukung tani pupuk organik pupuk organik kandung unsur mikro lebih lengkap pupuk organik diri pupuk cair pupuk tablet,teks_persuasif
dapat dapat fakta fakta dapat rangkai argumen kenal isu tegas nyata aja,teks_persuasif
betapa sulit orang candu rokok henti biasa rokok berapa mahal harga rokok henti misal malaysia harga 20 batang rokok tara lima persen dapat buruh kasar shanghai cina tani okok habis uang beli rokok lebih banyak pakai beli gandum daging buah buah butuh utama henti rokok candu rokok lekat diri simpul tepat teks sebut harga rokok luar negeri sangat mahal bahkan tara dapat buruh orang cina habis rokok lebih banyak makan butuh pokok henti biasa rokok jadi candu malaysia harga rokok capai 20 ringgit batang,teks_persuasif
ikut bukan masuk kalimat aja jangan suka cemooh teman sendiri tahu kalau tulis karya ilmiah sulit latih terus terus saling bantu antarsesama manusia baik sama teman saling salah curiga,teks_persuasif
kalimat yang guna konjungsi yang nyata hubung tuju mind mapping ajar jadi mudah erti mind mapping guna latih konsentrasi siswa ajar guna mind mapping mind mapping cara ajar yang senang,teks_persuasif
sebentar ada milu presiden guna hak pilih baik dapat pimpin yang baik konjungsi yang tepat isi bagai yang rumpang bahwa supaya mari agar jangan agar ayo,teks_persuasif
fungsi fakta dapat teks persuasi pengaruh dengar oleh bujuk kuat informasi informasi dapat teks lebih yakin baca oleh bujuk himbauan pengaruh baca ikut himbauan tulis,teks_persuasif
baca teks kutip ikut betapa sulit orang candu rokok henti biasa rokok berapa mahal harga rokok henti misal malaysia harga 20 batang rokok tara lima persen dapat buruh kasar shanghai cina tani okok habis uang beli rokok lebih banyak pakai beli gandum daging buah buah butuh utama henti rokok candu rokok lekat diri kalimat atas tunjuk aja shanghai cina tani okok habis uang beli rokok lebih banyak pakai beli gandum daging buah buah butuh utama betapa sulit orang candu rokok henti biasa rokok berapa mahal harga rokok henti henti rokok candu rokok lekat diri,teks_persuasif
baca kutip teks ikut tokoh kartun shincan anggap jadi model baik anak anak banyak protes tuju kepada lalu surat baca bagai media cetak protes bagi besar laku ibu ibu nyata shincan punya laku negatif tenyata banyak ikut anak anak tokoh shincan memang punya karakter tebar virus bahaya simpul kutip teks atas tokoh kartun shincan anggap jadi model baik anak anak tokoh shincan punya karakter tebar virus bahaya shincan punya laku negatif tenyata banyak ikut anak anak banyak protes tuju kepada lalu surat baca bagai media cetak,teks_persuasif
perhati paragraf teks ikut udara bogor asa dingin 2 kali dingin lebih hari hari belum 3 dingin suhu udara bogor capai 24 4 data tingkat suhu udara dapat papan informasi ukur suhu jalan jalan besar kota bogor kalimat dapat teks sebut tanda nomor 1 3 2 3 1 2 2 4,teks_persuasif
baca kutip teks ikut tokoh kartun shincan anggap jadi model baik anak anak banyak protes tuju kepada lalu surat baca bagai media cetak protes bagi besar laku ibu ibu nyata shincan punya laku negatif tenyata banyak ikut anak anak tokoh shincan memang punya karakter tebar virus bahaya harap tulis kutip teks atas orang tua damping anak anak baca komik shincan perintah larang terbit komik shincan orang tua perhati anak anak baca komik shincan orang tua larang anak anak baca komik shincan,teks_persuasif
inti teks persuasif dalam nyata dorong baca dengar laku erti struktur teks persuasif bagi tegas nyata aja rangkai argumen kenal isu,teks_persuasif
program wajib ajar program wajib ajar jalan lama tiga tahun orang tua wajib didik anak rumah hari pukul 19 00 pukul 21 00 bijak kurang jalan kurang sosialisasi masyarakat program dukung pergub nomor 22tahun 2014 jam ajar ajar tonton televisi liar luar rumah giat sebut dapat dukung positif masyarakat banyak 62 warga sepakat anjur sebut ajar suka keluyur nongkrong jam ajar picu kriminalitas ajar tawur kebut kebut jalan narkoba bahkan bagi warga nyata anjur ajar disiplin ajar ajar ajar lama jam hari ada bawah awas orang tua orang tua pantau tugas tugas sekolah orang tua kontrol perilaku siswa keluyur malam hari banyak jadi ajar suka nongkrong sering libat gaul beres narkoba bagai upaya laku perintah atas nakal remaja salah satu lalu program wajib ajar pukul 19 00 s 21 00 orang tua tokoh masyarakat pasti giat jalan baik lancer jadi dukung giat sebut masa depan generasi muda bangsa kalimat persuasif tepat dasar teks sebut perintah turun tangan satu gera wajib ajar orang tua masyarakat peran penting program sebut dukung semua pihak butuh gera wajib ajar mari ambil bagi sukses gera wajib ajar,teks_persuasif
baca kutip persuasi ikut bajar tata cara baik doa ajar niat tulus ajar sungguh sungguh pusat pikir ajar kamu mulai rasa jenuh henti jenak tenang otak nonton televisi minimal 10 menit diri duduk rileks jalan keliling ruang gerak gerak badan bajar tenang paragraf sebut rupa teks persuatif bagi struktur kenal isu nyata aja rangkai argumen tegas,teks_persuasif
angin milir bawa udara panas daun daun kipas ngipas pak tua rebah peluh keringat hibur sedang duduk santai buai imajinasi dunia mimpi penggal puisi atas milik suasana ramai damai cekam takut,teks_puisi
ujung jalan sana aku terpana lihat dunia makin indah jalan lebar daun pandan banyak kawan lawan kawan teman makin jauh temu bisu bagai patung semua zaman teknologi puisi atas baris berapa guna majas 3 4 1 2 5 7 3 6,teks_puisi
sunyi malam penuh gelap lolong serigala tambah gemetar gemuruh angin sapu dedaunan pohon besar aku sesat tak pulang setapak jalan tak nampak mata asa si sair gelisah bahagia sedih takut,teks_puisi
buah pucuk batu ranting e debu f ombak g putik kata kunci atas buat puisi tema hutan f g e g g,teks_puisi
rumput pekarang hijau rona pesona akar kuat penuh gizi rumput penuh gembira sana sungguh baik hidup jalan tema kutip puisi sebut sengsara bahagia miskin haru,teks_puisi
1 imaji 2 lambang 3 majas 4 uttrance 5 gaya bahasa 6 simbol masuk diksi pilih kata puisi 2 4 6 1 3 4 1 4 5 2 3 4,teks_puisi
hutan hilang ranting maksud baris puisi atas pohon sangat subur hutan hutan tutup daun ranting hutan pohon pohon hilang hutan,teks_puisi
diri iring jalan gersang deru suara tornton besar kepalang buat salju debu kian berhabur pohon sekitar hilang wajah puisi atas baris 4 guna majas metafora hiperbola personifikasi simile,teks_puisi
cekikik pohon pisang pasang tas punggung radang jauh tatap orang la dapat uang bos lang penuh girang senyum lebar puisi atas tahu ada sair sedang gelisah galau putus asa gembira,teks_puisi
tonton depan banyak manusia gambar indra baris puisi atas imaji lihat imaji bau imaji dengar imaji kecap,teks_puisi
sosok ayah makin tua tampan pudar makan waktu suara serak dengar tak idah masa muda bahu baja pikul segala beban hidup keluarga teks puisi atas ungkap sedih sosok ayah anak sayang ayah juang sosok ayah ayah besar anak anak,teks_puisi
suasana sair puisi nomor 17 gembira gelisah haru kecewa,teks_puisi
baca bait puisi ikut cermat lama nian pangku tangan asyik lena daduh ombak sama serentak atur baris kejar tuju makna baris pertama bait puisi sebut terlalu cepat malas malas sangat lama lamun terlalu lama malas malas cepat sekali istirahat,teks_puisi
aku tak erti wajah tak mau pergi bayang mimpi penggal puisi atas ungkap asa orang asa diri sendiri sifat orang ingin orang,teks_puisi
ikut masuk struktur fisik puisi ikut amanat suasana bahasa figuratif tema,teks_puisi
kamu du tanya kakek sedih maaf badu kek tadi badu makan mangga kecil kecil akhir badu sakit perut kata badu isak sudah du kali tunggu mangga ranum baru badu petik amanat penggal cerpen sebut jangan lawan orang tua jangan petik mangga sembarang turut nasihat orang tua jangan makan mangga kecil,buku_fiksi
buku fiksi rupa buku isi kisah cerita buat dasar ide tulis sukses orang nyata khayal imajinasi arang,buku_fiksi
alur rangkai cerita urut alur benar kenal klimaks konflik antiklimaks ending kenal konflik klimaks antiklimaks ending kenal konflik antiklimaks klimaks ending kenal klimaks antiklimaks konflik ending,buku_fiksi
judul buku sama duduk laki laki perempuan bagi bahas sesuai judul buku kaum perempuan tugas urus rumah tangga hak kaum laki laki hanya cari nafkah duduk laki laki atas segala gala nyata benar jumpa beda hak laki laki perempuan,buku_fiksi
ikut latar cerita tempat cuaca suasana waktu,buku_fiksi
buku siswa kelas vill diri atas sembilan bab 9 ajar sesuai jumlah materi dapat kurikulum adapun tiap bab bagi empat subbab buah buku jelas biasa temu bagi sambut kata antar dahulu simpul,buku_fiksi
buku isi kisah cerita buat dasar khayal imajinasi arang nyata sebut rupa erti buku buku fiksi buku nonfiksi buku kaya,buku_fiksi
perhati kutip isi buku ikut cak rat pergi sendiri jalan lunglai tinggal sekolah pikirannnya rumah sanggup bantu orang tua kerja sawah resah lebih laksana apa bantu bapakknya sawah atau bantu ibu kupas kelapa jual makin ingat cak rat makin cepat langkah kaki kejap mejam mata ketika ada serambi rumah kutip sebut kata fiksi sifat imajinasi dapat konflik cerita sifat fakta isi tokoh nama cak rat,buku_fiksi
buku fiksi rupa buku isi kisah cerita buat dasar nyata ide tulis sukses orang khayal imajinasi arang,buku_fiksi
cak rat pergi sendiri jalan lunglai tinggal sekolah pikirannnya rumah sanggup bantu orang tua kerja sawah resah lebih dulu laksana apa bantu bapakknya sawah atau bantu ibu kupas kelapa jual makin ingat cak rat makin cepat langkah kaki kutip buku atas masuk kategori fiksi isi klarifikasi perihal anak sekolah baik upa jadi orang bau tanah bantu anak cara cara jadi anak sekolah baik cerita tokoh punya konflik,buku_fiksi
ikut rupa ciri buku fiksi gaya bahasa guna majas guna bahasa formal dasar informasi faktual isi ide baru sempurna ide belum,buku_fiksi
perhati teks ikut buah desa tinggal orang kakak adik sifat dua saudara sangat beda tua nama hiroki suka buat suka hati sangat licik adik nama toshiro punya sifat balik rajin kerja jujur hati hiroki selalu iri hati selalu asing adik toshiro hampir tahan tinggal sama kakak jahat kutip teks atas masuk unsur nonfiksi jadi konflik kenal tokoh fiksi,buku_fiksi
unsur buku fiksi daftar pustaka urai isi buku daftar isi kata antar,buku_fiksi
perhati daftar buku ikut cerpen novel komik biografi teks pidato buku ajar dasar daftar buku sebut masuk katagori fiksi teks pidato buku ajar novel novel biografi komik biografi teks pidato buku ajar cerpen novel komik,buku_fiksi
tulis sadar susun buku jauh sempurna tulis harap kritik saran bangun semua pihak kutip dapat bagi saran simpul dahulu kata antar,buku_fiksi
ikut unsur ekstrinsik buku fiksi latar belakang arang tema bahasa guna cover,buku_fiksi
lelaki jangkung wajah terang buka pintu lihat takjub nali pasti sama sekali sangka datang tiba tiba kemudian ramah buat buat sila masuk ragu ragu pilih langsung tuju amben seberang ruang nikmat rasa duduk atas balai balai bambu alas tikar pandan lalu turut duduk pandang justru arah keluar jendela pohon pohon cengkeh deret baris murid kelas ikut upacara bendera senin paham kejut pasti buat hatinnya liput haru ungkap kata kata butuh menetralisirnya sebentar sumber seragam sari kompas minggu 12 agustus 2012 aris kurniawan basuki watak tokoh kutip cerpen sebut ramah diam marah baik,buku_fiksi
perhati kutip teks ikut si lesung ajaib terus putar putar arah kanan keluar garam ini yakin orang jepang sebab air laut jadi asin kutip teks atas masuk unsur amanat kenal tokoh tutup cerita jadi konflik,buku_fiksi
aneh kasut tadi jadi bunga tentu tujuh gadis tadi bidadari gumam buru asal kasut nama bunga kasut bidadari gumam unsur ketidaklogisan cuplik buku fiksi sebut tampak unsur latar tema tokoh alur,buku_fiksi
cermat kutip cerpen ikut jawab soal ikut lebih satu dasawarsa ku lalu hidup rumah besar rumah atas bukti kecil wilayah tegal alang tepat belah kiri jalan tuju kintamani tepi jalan raya sawah terasering tak rumah sekitar tetap tradisional lebar rumah cat putih lantai gaya kolonial buah sendiri rancang sejak mula rumah sangat satu lingkung sumber aku rusmini sari kompas minggu 20 maret 2016 wina bojonegoro dominan bahas cerpen sebut alur tokoh latar watak,buku_fiksi
cepat sekali kamu pulang rumah kau tiba rumah semua orang tidur simile ironi sinestesia pars prototo,majas
lantun ayat ayat kitab suci bagai pelita gelap bimbing jalan benar ironi simile pars prototo sinestesia,majas
sila nikmat hidang desa metafora personifikasi pleonasme litotes,majas
hasil temu guncang dunia eufemisme repetisi metonimia hiperbola,majas
hari keluarga sarap quaker oat repetisi eufemisme hiperbola metonimia,majas
salah satu sifat baik milik rendah hati pleonasme metafora litotes personifikasi,majas
indonesia menang atas thailand tanding sepak bola jakarta kemarin sore totem proparte personifikasi pleonasme pars prototo,majas
bel panggil siswa segera masuk kelas totem proparte personifikasi pars prototo pleonasme,majas
hari lampu merah jalan atur guna jalan litotes pleonasme personifikasi metafora,majas
pegawai disiplin rumah bapak bupati hiperbola eufemisme metonimia repetisi,majas
suara lembut enak dengar ironi pars prototo simile sinestesia,majas
sila masuk sapa ibu ramah bibi totem proparte pleonasme pars prototo personifikasi,majas
kau satu minggu tak tampak batang hidung simile pars prototo sinestesia ironi,majas
sasa naik atas panggung terima hadiah metafora personifikasi pleonasme litotes,majas
aku giat ajar aku rajin ibadah aku selalu usaha jadi anak bangga hiperbola metonimia repetisi eufemisme,majas
balik tirai hujan sore hari pohon pohon kelapa seberang lembah segar penuh daya hidup pelepah pelepah kuyup gerai jatuh belah punggung batang batang ramping liuk liuk embus angin lenggang tenang penuh pesona angin tiba tiba tiup lebih kencang pelepah pelepah serempak julur satu arah tangan tangan tari ikut irama hujan objek deskripsi teks atas lembah pohon kelapa sore hari angin,matrikulasi
gadis duduk rambut atur rapi buah ruang kecil leher si gadis gantung kalung buat gigi gigi hewan paragraf atas kategori teks narasi kembang paragraf buah tulis rangkai peristiwa waktu waktu jabar urut awal tengah akhir eksplanasi teks isi suatu peristiwa baik peristiwa alam maupun sosialyang jadi selalu punya hubung akibat proses eksposisi tulis mana isi tulis jelas beri erti gaya tulis singkat akurat padat deskripsi teks gambar apa suatu objek gambar baik kenampakan bau sifat suara tekstur objek sebut,matrikulasi
baca kutip drama ikut saksama brilian sekarang serah hp kalian minta uang tebus dorong mi masuk mi ka ka bawa hp gugup brilian periksa kantong timmy siap bos periksa kantong markus gak tempat apa mata melotot timmy ruang simpan perkakas bekas raba kantong si anak bos hpnya keluar hp n 95 markus tanya nomor hp orang tua hubung minta tebus timmy siap bos latar kutip sebut sekolah rumah gudang kantor polisi,matrikulasi
1 proklamasi merdeka indonesia rupa peristiwa sejarah 2 peristiwa sebut penting tahu rakyat indonesia sendiri umum seluruh penjuru dunia 3 beberapa proklamasi baca soekarno hatta bagai usaha laku juang cuplik atas kenal fenomena peristiwa proklamasi peristiwa sejarah bangsa indonesia bangsa merdeka penting dunia kenal peristiwa proklamasi soekarno hatta tokoh proklamator indonesia,matrikulasi
masut guru terima kasih atas ilmu guru ikan kepada apa arti diri andai guru guru masut masut kamu tahu meski punya ilmu sedikit tetap beri orang istri masut masuk ruang bawa teh hangat istri masut lebih baik kalau ngobrolnya minum teh hangat sodor cangkir guru istri kamu ut suasana gambar drama sebut santai seram haru tegang,matrikulasi
perhati paragaraf bawah belakang gempa bumi jadi buah bibir kalang masyarakat indonesia panjang sejarah umat manusia gempa selalu timbul rugi baik materil atau korban jiwa lebih rasa kata fenomena gempa bumi peristiwa dampak langsung makhluk hidup tak kecuali manusia sebut jadi gempa bumi salah satu bencana alam takut orang teks eksplanasi atas dapat kata jadi tunjuk waktu kata sebut ialah dampak jadi belakang lebih,matrikulasi
faktor sosial kait biasa manusia ramah alam perilaku masyarakat sering buang sampah sembarang rupa contoh nyata dampak jadi banjir tebang hutan ilegal alih fungsi daerah resap jadi daerah mukim jadi sebab utama jadi banjir informasi penting paragraf atas perilaku manusia akibat bencana banjir besar perilaku manusia rupa sebab utama jadi banjir tumpu sampah buang sembarang sebab banjir hilang daerah resap akibat banjir rumah,matrikulasi
buku kumpul cerpen judul senyum karyamin karya ahmad tohari terbit pt gramedia isi tiga belas cerpen semua cerpen ramu bahasa lancar dialek dialek jawa lha lho gusti pangeran meski buku cocok baca orang keluarga jawa utama orang tahu kultur tempat cerpen sebut tulis tarik buku sampul orang anak muda sedang panggul kapak tanda optimisme kerja ulas teks sebut tari wajah buku isi buku masalah judul buku arang bahasa wajah buku,matrikulasi
tahu proses jadi pelangi pelangi rupa suatu busur spektrum besar jadi bias cahaya matahari butir butir air pelangi gejala optik meteorologi upa cahaya aneka warna saling sejajar tampak langit medium lain penggal teks eksplanasi atas rupa bagi struktur nyata umum akibat interpretasi simpul,matrikulasi
perhati teks ikut 1 proklamasi merdeka indonesia rupa peristiwa sejarah 2 peristiwa sebut penting tahu rakyat indonesia sendiri umum seluruh penjuru dunia 3 beberapa proklamasi baca soekarno hatta bagai usaha laku juang kalimat yang guna terang waktu dan konjungsi sebab dalam cuplik atas nyata nomor 1 dan 2 2 3 3 dan 1,matrikulasi
buku kumpul cerpen judul senyum karyamin karya ahmad tohari terbit pt gramedia isi tiga belas cerpen semua cerpen ramu bahasa lancar dialek dialek jawa lha lho gusti pangeran meski buku cocok baca orang keluarga jawa utama orang tahu kultur tempat cerpen sebut tulis tarik buku sampul orang anak muda sedang panggul kapak tanda optimisme kerja unsur ulas muka cuplik teks sebut identitas buku bahasa buku lemah buku unggul buku,matrikulasi
ikut unsur unsur perlu perhati susun berita guna struktur tata bahasa baku guna kata kata ambigu guna pilih kata tepat guna bahasa lebih,matrikulasi
perhati paragaraf bawah belakang gempa bumi jadi buah bibir kalang masyarakat indonesia panjang sejarah umat manusia gempa selalu timbul rugi baik materil atau korban jiwa lebih rasa kata fenomena gempa bumi peristiwa dampak langsung makhluk hidup tak kecuali manusia sebut jadi gempa bumi salah satu bencana alam takut orang lihat struktur teks eksplanasi teks sebut bagi kronologis deret jelas nyata umum interpretasi,matrikulasi
barangkali logika sang bupati kait biasa bayi anak kecil yang memang ada kata yang gar bawah tunjuk kaidah bahasa guna kalimat pasif konjungsi kronologis kalimat aktif konjungsi kausalitas,matrikulasi
tulis singkat padat jelas sifat informatif rupa iklan struktur ciri ciri unsur langkah susun,matrikulasi
teks deskripsi suatu objek perinci bagai pola kembang bawah pola hidup pola tematis pola ruang spasial pola urut waktu,matrikulasi
teks isi jelas upa proses jadi peristiwa alam sosial budaya sebut argumentasi eksplanasi prosedur narasi,matrikulasi
